x,y,z,stamp,frame_id
29.953596681337,50.534994813790,0.000000000000,,gps_back
30.442600125266,50.624996465493,0.000000000000,,gps_back
30.935730888518,50.713521968068,0.000000000000,,gps_back
31.427230945645,50.794625503838,0.000000000000,,gps_back
31.922173884478,50.876422638280,0.000000000000,,gps_back
32.417903688399,50.949735036391,0.000000000000,,gps_back
32.908913652075,51.040645169071,0.000000000000,,gps_back
33.403391557509,51.116078025323,0.000000000000,,gps_back
33.852969996248,51.187946021328,0.000000000000,,gps_back
33.897685606429,51.197731528046,0.000000000000,,gps_back
34.389906725375,51.276704232041,0.000000000000,,gps_back
34.882079261624,51.357525650245,0.000000000000,,gps_back
35.375774314107,51.433878881431,0.000000000000,,gps_back
35.867854764860,51.515165292674,0.000000000000,,gps_back
36.358378240401,51.597760296306,0.000000000000,,gps_back
36.849714611373,51.681189716515,0.000000000000,,gps_back
37.341469822437,51.765254740712,0.000000000000,,gps_back
37.832117159746,51.859117904521,0.000000000000,,gps_back
38.324914646085,51.942729732768,0.000000000000,,gps_back
38.817310793049,52.027392876079,0.000000000000,,gps_back
39.311522941204,52.110881038550,0.000000000000,,gps_back
39.803905567347,52.193693248510,0.000000000000,,gps_back
40.299160616140,52.277965751425,0.000000000000,,gps_back
40.792440269922,52.361822079859,0.000000000000,,gps_back
41.285118157996,52.447428980968,0.000000000000,,gps_back
41.780740221228,52.516381130022,0.000000000000,,gps_back
42.273905653656,52.595414306481,0.000000000000,,gps_back
42.767485854839,52.676133740259,0.000000000000,,gps_back
43.262533690059,52.756151403791,0.000000000000,,gps_back
43.754568817318,52.841251688582,0.000000000000,,gps_back
44.247551094878,52.924606130091,0.000000000000,,gps_back
44.744433602912,52.982638447270,0.000000000000,,gps_back
45.240836848254,53.063098508827,0.000000000000,,gps_back
45.734438568295,53.142070150582,0.000000000000,,gps_back
46.222428238901,53.219401986628,0.000000000000,,gps_back
46.714208265164,53.284687325030,0.000000000000,,gps_back
47.205095099421,53.366425117075,0.000000000000,,gps_back
47.694379075374,53.456937531569,0.000000000000,,gps_back
48.179811693668,53.557490822880,0.000000000000,,gps_back
48.671791435749,53.648301484376,0.000000000000,,gps_back
49.164392004641,53.739226371090,0.000000000000,,gps_back
49.658876698298,53.830884711829,0.000000000000,,gps_back
50.152893257117,53.909864379122,0.000000000000,,gps_back
50.648649804483,53.994485700653,0.000000000000,,gps_back
51.142062578611,54.076973364245,0.000000000000,,gps_back
51.630747358913,54.164002315294,0.000000000000,,gps_back
52.125372390609,54.235311295554,0.000000000000,,gps_back
52.620039706766,54.323565400341,0.000000000000,,gps_back
53.112261267145,54.422856791161,0.000000000000,,gps_back
53.604931512724,54.506439607332,0.000000000000,,gps_back
54.104433408645,54.572992954024,0.000000000000,,gps_back
54.601869547699,54.645326113782,0.000000000000,,gps_back
55.098083529385,54.717408650039,0.000000000000,,gps_back
55.591170669838,54.780445368633,0.000000000000,,gps_back
56.081698791695,54.861851443679,0.000000000000,,gps_back
56.572293017519,54.936434581834,0.000000000000,,gps_back
57.061181900999,55.016867140388,0.000000000000,,gps_back
57.551616597519,55.104860129750,0.000000000000,,gps_back
58.039586331940,55.196695933569,0.000000000000,,gps_back
58.292672182460,55.245168343180,0.000000000000,,gps_back
58.530907247714,55.288080014419,0.000000000000,,gps_back
59.027606836325,55.376420802782,0.000000000000,,gps_back
59.522940297446,55.465462083973,0.000000000000,,gps_back
60.018981033858,55.548008398960,0.000000000000,,gps_back
60.517620327183,55.618799158695,0.000000000000,,gps_back
61.018907078617,55.691151408369,0.000000000000,,gps_back
61.526407410215,55.759348638813,0.000000000000,,gps_back
62.037493030686,55.825736519947,0.000000000000,,gps_back
62.551666384241,55.874842014954,0.000000000000,,gps_back
63.071196786605,55.883725451407,0.000000000000,,gps_back
63.593353442561,55.860065965650,0.000000000000,,gps_back
64.115267996815,55.831166963091,0.000000000000,,gps_back
64.632286671846,55.774912726718,0.000000000000,,gps_back
65.145525067563,55.700410601183,0.000000000000,,gps_back
65.655813678238,55.608614504576,0.000000000000,,gps_back
66.159128538081,55.492018897369,0.000000000000,,gps_back
66.656318938030,55.354730463581,0.000000000000,,gps_back
67.151673548148,55.211996473978,0.000000000000,,gps_back
67.641178763601,55.055884388553,0.000000000000,,gps_back
68.124144384276,54.887229033012,0.000000000000,,gps_back
68.603017985668,54.703602266892,0.000000000000,,gps_back
69.075917519892,54.507185985743,0.000000000000,,gps_back
69.544872568535,54.302166386282,0.000000000000,,gps_back
70.007253679019,54.086284293177,0.000000000000,,gps_back
70.464229369189,53.859069204672,0.000000000000,,gps_back
70.918086805099,53.622318548380,0.000000000000,,gps_back
71.369509354705,53.380825658861,0.000000000000,,gps_back
71.810707514194,53.127508897811,0.000000000000,,gps_back
72.243513050535,52.859140279592,0.000000000000,,gps_back
72.671228859246,52.578594042790,0.000000000000,,gps_back
73.099463052788,52.303552570754,0.000000000000,,gps_back
73.521538022970,52.018410930217,0.000000000000,,gps_back
73.931172649927,51.720027268972,0.000000000000,,gps_back
74.341496112362,51.416074808528,0.000000000000,,gps_back
74.741540544152,51.100014851924,0.000000000000,,gps_back
75.140232699317,50.787024542632,0.000000000000,,gps_back
75.530036423761,50.458922161734,0.000000000000,,gps_back
75.914373430181,50.126755827916,0.000000000000,,gps_back
76.300384164576,49.792750715752,0.000000000000,,gps_back
76.671684010226,49.444652960268,0.000000000000,,gps_back
77.038505427006,49.091981737246,0.000000000000,,gps_back
77.396771640151,48.727757711081,0.000000000000,,gps_back
77.748159369858,48.360160261872,0.000000000000,,gps_back
78.095222411037,47.988331521916,0.000000000000,,gps_back
78.431289452724,47.608315441447,0.000000000000,,gps_back
78.762669585740,47.225473778121,0.000000000000,,gps_back
79.089402664665,46.838468417869,0.000000000000,,gps_back
79.410922037346,46.447646564877,0.000000000000,,gps_back
79.731334406415,46.055698319783,0.000000000000,,gps_back
80.046671342414,45.659408077500,0.000000000000,,gps_back
80.352979936444,45.256977207205,0.000000000000,,gps_back
80.652687625366,44.850208584875,0.000000000000,,gps_back
80.947474536063,44.439643859662,0.000000000000,,gps_back
81.241662439154,44.026815161801,0.000000000000,,gps_back
81.535812856525,43.615889159434,0.000000000000,,gps_back
81.823551146435,43.200976729214,0.000000000000,,gps_back
82.094210348289,42.773566952254,0.000000000000,,gps_back
82.368266143008,42.344803479680,0.000000000000,,gps_back
82.638974466995,41.912862484844,0.000000000000,,gps_back
82.902158095424,41.478491333034,0.000000000000,,gps_back
83.152965457457,41.033326390518,0.000000000000,,gps_back
83.392517990779,40.581624856289,0.000000000000,,gps_back
83.622849983429,40.123880227693,0.000000000000,,gps_back
83.838252724116,39.659691763331,0.000000000000,,gps_back
84.047130900338,39.196084201910,0.000000000000,,gps_back
84.242040412095,38.727365791662,0.000000000000,,gps_back
84.427427819644,38.251959966324,0.000000000000,,gps_back
84.516075911210,38.014058079089,0.000000000000,,gps_back
84.610664965743,37.767094247614,0.000000000000,,gps_back
84.775912267988,37.286100280324,0.000000000000,,gps_back
84.941371846376,36.807329329282,0.000000000000,,gps_back
85.092521703731,36.319659006862,0.000000000000,,gps_back
85.236323876653,35.828893015778,0.000000000000,,gps_back
85.370632272231,35.333969596587,0.000000000000,,gps_back
85.477076128559,34.834712914785,0.000000000000,,gps_back
85.574156052799,34.334232781564,0.000000000000,,gps_back
85.664017954688,33.832567618061,0.000000000000,,gps_back
85.750707261672,33.336404849017,0.000000000000,,gps_back
85.833737136819,32.839833051324,0.000000000000,,gps_back
85.907901444335,32.342553135024,0.000000000000,,gps_back
85.989962667970,31.846321177010,0.000000000000,,gps_back
86.063411336311,31.352749539178,0.000000000000,,gps_back
86.134735627702,30.859527500985,0.000000000000,,gps_back
86.202635449962,30.364050105508,0.000000000000,,gps_back
86.288032095657,29.872242132204,0.000000000000,,gps_back
86.368754813326,29.380657419041,0.000000000000,,gps_back
86.447562026589,28.891244334196,0.000000000000,,gps_back
86.524943479562,28.399892438918,0.000000000000,,gps_back
86.607009444006,27.908860512997,0.000000000000,,gps_back
86.699914636421,27.419388492852,0.000000000000,,gps_back
86.800828618230,26.928910456769,0.000000000000,,gps_back
86.891923258795,26.434335515784,0.000000000000,,gps_back
86.981165780645,25.939485541891,0.000000000000,,gps_back
87.054068387067,25.441999231193,0.000000000000,,gps_back
87.118199873148,24.945826826357,0.000000000000,,gps_back
87.192058883267,24.451309529922,0.000000000000,,gps_back
87.275026438374,23.961009016961,0.000000000000,,gps_back
87.362080700439,23.473188315493,0.000000000000,,gps_back
87.449661868622,22.984938931103,0.000000000000,,gps_back
87.537092860621,22.490567394372,0.000000000000,,gps_back
87.627131495370,22.000723274128,0.000000000000,,gps_back
87.722905863495,21.512897311799,0.000000000000,,gps_back
87.792992752502,21.019783531525,0.000000000000,,gps_back
87.892182983900,20.524160636495,0.000000000000,,gps_back
87.994851474824,20.038966093729,0.000000000000,,gps_back
88.090328043132,19.557007652946,0.000000000000,,gps_back
88.145213432335,19.070223621470,0.000000000000,,gps_back
88.262478853656,18.592222188832,0.000000000000,,gps_back
88.336033451205,18.290458010707,0.000000000000,,gps_back
88.378383684749,18.077184939286,0.000000000000,,gps_back
88.515448658769,17.599329005122,0.000000000000,,gps_back
88.534096975560,17.141377759262,0.000000000000,,gps_back
88.509595784216,16.674770010469,0.000000000000,,gps_back
88.623906995250,16.232238444681,0.000000000000,,gps_back
88.879562766696,15.879848595006,0.000000000000,,gps_back
89.123249925367,15.540394927271,0.000000000000,,gps_back
89.406069366374,15.208283822929,0.000000000000,,gps_back
89.717604958762,14.897101232337,0.000000000000,,gps_back
90.080325045435,14.640566506843,0.000000000000,,gps_back
90.482848655434,14.401391647767,0.000000000000,,gps_back
90.918334083245,14.306140771649,0.000000000000,,gps_back
91.346531992507,14.180817076187,0.000000000000,,gps_back
91.753669952168,13.955516350742,0.000000000000,,gps_back
92.207686751379,13.798623978681,0.000000000000,,gps_back
92.673919705928,13.694121297760,0.000000000000,,gps_back
93.125268175155,13.633964846230,0.000000000000,,gps_back
93.580717438155,13.635418504561,0.000000000000,,gps_back
94.051426557211,13.620546224904,0.000000000000,,gps_back
94.534873981906,13.640125815302,0.000000000000,,gps_back
95.017533166138,13.722681156219,0.000000000000,,gps_back
95.498132499883,13.778654903801,0.000000000000,,gps_back
95.792341023692,13.793598846493,0.000000000000,,gps_back
95.980541548062,13.824614476418,0.000000000000,,gps_back
96.472948388227,13.879410271054,0.000000000000,,gps_back
96.963262814269,13.959773440498,0.000000000000,,gps_back
97.453994258094,14.047325436671,0.000000000000,,gps_back
97.943434030356,14.120413808307,0.000000000000,,gps_back
98.437516106963,14.179122760993,0.000000000000,,gps_back
98.932788716181,14.260277712312,0.000000000000,,gps_back
99.425452094052,14.341342809994,0.000000000000,,gps_back
99.911884383972,14.432607808474,0.000000000000,,gps_back
100.405156087901,14.507694511972,0.000000000000,,gps_back
100.897361160532,14.584127022569,0.000000000000,,gps_back
101.390479387814,14.673495606305,0.000000000000,,gps_back
101.879789152790,14.758616808927,0.000000000000,,gps_back
102.367789617336,14.848886814317,0.000000000000,,gps_back
102.863130727867,14.934625757921,0.000000000000,,gps_back
103.357954420216,15.027453772909,0.000000000000,,gps_back
103.848220372400,15.123520369489,0.000000000000,,gps_back
104.346097617064,15.195947173198,0.000000000000,,gps_back
104.845754794243,15.261758422228,0.000000000000,,gps_back
105.341643054765,15.352421839986,0.000000000000,,gps_back
105.834052636850,15.416232966241,0.000000000000,,gps_back
106.325144269307,15.482962455631,0.000000000000,,gps_back
106.819630637128,15.554521658310,0.000000000000,,gps_back
107.309537923194,15.642118610203,0.000000000000,,gps_back
107.797235031707,15.731012086826,0.000000000000,,gps_back
108.283219280524,15.820997228201,0.000000000000,,gps_back
108.775673506956,15.897825874940,0.000000000000,,gps_back
109.269227082063,15.990071136460,0.000000000000,,gps_back
109.757611756539,16.094564380612,0.000000000000,,gps_back
110.246041519267,16.187487436642,0.000000000000,,gps_back
110.744439011074,16.263605531023,0.000000000000,,gps_back
111.240603858272,16.353736012655,0.000000000000,,gps_back
111.734305570231,16.447315992648,0.000000000000,,gps_back
112.229714263116,16.513171346237,0.000000000000,,gps_back
112.723179532035,16.590500511271,0.000000000000,,gps_back
113.218554042976,16.669363305859,0.000000000000,,gps_back
113.708813512332,16.744899428257,0.000000000000,,gps_back
114.197478755096,16.835371518737,0.000000000000,,gps_back
114.689449869512,16.917052876806,0.000000000000,,gps_back
115.183929333148,17.004794920505,0.000000000000,,gps_back
115.678529041927,17.100733611465,0.000000000000,,gps_back
116.170137059181,17.185711658419,0.000000000000,,gps_back
116.668895929083,17.249210389410,0.000000000000,,gps_back
117.166364226999,17.317101409455,0.000000000000,,gps_back
117.658408665807,17.405484541750,0.000000000000,,gps_back
118.151687245110,17.475003057194,0.000000000000,,gps_back
118.642252629426,17.556287270024,0.000000000000,,gps_back
119.137794996886,17.638625569471,0.000000000000,,gps_back
119.629449290180,17.709996268392,0.000000000000,,gps_back
120.122651785928,17.792501460520,0.000000000000,,gps_back
120.617708802720,17.865928568856,0.000000000000,,gps_back
121.109026367313,17.952628055817,0.000000000000,,gps_back
121.600674740205,18.032605299792,0.000000000000,,gps_back
122.091353216042,18.109295393217,0.000000000000,,gps_back
122.586601373510,18.187836954934,0.000000000000,,gps_back
123.077413254963,18.280369100486,0.000000000000,,gps_back
123.567539084542,18.371251092535,0.000000000000,,gps_back
124.051431052862,18.447110452137,0.000000000000,,gps_back
124.027350990747,18.441813913769,0.000000000000,,gps_back
124.493651597906,18.519341717584,0.000000000000,,gps_back
124.944409969943,18.633166431654,0.000000000000,,gps_back
125.374053242138,18.835784320628,0.000000000000,,gps_back
125.779599389659,19.033576343469,0.000000000000,,gps_back
126.174927855907,19.246906798277,0.000000000000,,gps_back
126.556506645105,19.541170530006,0.000000000000,,gps_back
126.886312583605,19.851610406664,0.000000000000,,gps_back
127.178408557421,20.195131874196,0.000000000000,,gps_back
127.149005240611,20.159385264707,0.000000000000,,gps_back
127.425165263671,20.520532816375,0.000000000000,,gps_back
127.675945439374,20.897827416552,0.000000000000,,gps_back
127.882588509586,21.326628461522,0.000000000000,,gps_back
128.048056474260,21.748628513392,0.000000000000,,gps_back
128.157718408542,22.192818731823,0.000000000000,,gps_back
128.235436312842,22.641246296034,0.000000000000,,gps_back
128.277907683362,23.094647337850,0.000000000000,,gps_back
128.313885927961,23.562687843753,0.000000000000,,gps_back
128.270135526550,24.030564905168,0.000000000000,,gps_back
128.192688305916,24.496142017817,0.000000000000,,gps_back
128.141480088496,24.973121086558,0.000000000000,,gps_back
128.053168374287,25.456967414178,0.000000000000,,gps_back
127.933780772438,25.939963275058,0.000000000000,,gps_back
127.850595722001,26.428328541461,0.000000000000,,gps_back
127.760017858900,26.919297311710,0.000000000000,,gps_back
127.664390874605,27.416668216395,0.000000000000,,gps_back
127.583596567756,27.909550341708,0.000000000000,,gps_back
127.493956495890,28.402030400157,0.000000000000,,gps_back
127.412179622430,28.898679747761,0.000000000000,,gps_back
127.396733475892,28.990714689861,0.000000000000,,gps_back
127.325681276827,29.392177792889,0.000000000000,,gps_back
127.247760231047,29.885419285002,0.000000000000,,gps_back
127.173396506344,30.378163140524,0.000000000000,,gps_back
127.085091331965,30.867152042033,0.000000000000,,gps_back
127.001954895559,31.358167683157,0.000000000000,,gps_back
126.911570591717,31.854545508762,0.000000000000,,gps_back
126.830684924716,32.349400164070,0.000000000000,,gps_back
126.740822435464,32.844282821806,0.000000000000,,gps_back
126.693568004047,33.339909042337,0.000000000000,,gps_back
126.615188158915,33.835054119865,0.000000000000,,gps_back
126.550423927021,34.332540474682,0.000000000000,,gps_back
126.458154136568,34.816910190929,0.000000000000,,gps_back
126.391097510075,35.311931432798,0.000000000000,,gps_back
126.317199431777,35.803836329125,0.000000000000,,gps_back
126.240994783875,36.299742712655,0.000000000000,,gps_back
126.167567308238,36.792593638559,0.000000000000,,gps_back
126.091540734939,37.286462440252,0.000000000000,,gps_back
126.010809557020,37.778137633341,0.000000000000,,gps_back
125.935673695091,38.270922306661,0.000000000000,,gps_back
125.862369832606,38.764744701491,0.000000000000,,gps_back
125.778307069745,39.257513178105,0.000000000000,,gps_back
125.697087876603,39.749978169688,0.000000000000,,gps_back
125.618760331376,40.244749454886,0.000000000000,,gps_back
125.542394310388,40.742432208880,0.000000000000,,gps_back
125.463945576582,41.239366067845,0.000000000000,,gps_back
125.396074479250,41.734795547108,0.000000000000,,gps_back
125.337309427632,42.230329403297,0.000000000000,,gps_back
125.277748359912,42.727019062944,0.000000000000,,gps_back
125.201420736455,43.219441783075,0.000000000000,,gps_back
125.121708338122,43.708535063020,0.000000000000,,gps_back
125.046676917592,44.200551889820,0.000000000000,,gps_back
124.970732474712,44.695668582100,0.000000000000,,gps_back
124.886626382275,45.189484666239,0.000000000000,,gps_back
124.814506599535,45.682631884230,0.000000000000,,gps_back
124.744303498895,46.175475706274,0.000000000000,,gps_back
124.670264686411,46.669393518263,0.000000000000,,gps_back
124.586383072769,47.160885017403,0.000000000000,,gps_back
124.498698241843,47.650759970272,0.000000000000,,gps_back
124.412306597813,48.142584254822,0.000000000000,,gps_back
124.332913073652,48.636287407076,0.000000000000,,gps_back
124.250629022092,49.130205758960,0.000000000000,,gps_back
124.173392548846,49.625701843104,0.000000000000,,gps_back
124.094013488415,50.120413726623,0.000000000000,,gps_back
124.010447221087,50.615372587027,0.000000000000,,gps_back
123.933964819081,51.109084400576,0.000000000000,,gps_back
123.861331900836,51.604701735799,0.000000000000,,gps_back
123.791204785221,52.101968698140,0.000000000000,,gps_back
123.713945083047,52.597188697653,0.000000000000,,gps_back
123.643407521443,53.093970756943,0.000000000000,,gps_back
123.573371051760,53.587811193069,0.000000000000,,gps_back
123.504630233529,54.082701223363,0.000000000000,,gps_back
123.442647298601,54.578729693672,0.000000000000,,gps_back
123.365595420513,55.073561045018,0.000000000000,,gps_back
123.288241734845,55.568654686197,0.000000000000,,gps_back
123.218295085557,56.062157929725,0.000000000000,,gps_back
123.156431984210,56.560733974207,0.000000000000,,gps_back
123.094516572063,57.060748430527,0.000000000000,,gps_back
123.023363176860,57.554526634824,0.000000000000,,gps_back
122.961716769852,58.048942023818,0.000000000000,,gps_back
122.908628593640,58.543992987449,0.000000000000,,gps_back
122.831931923480,59.037269161943,0.000000000000,,gps_back
122.760884513461,59.531522903991,0.000000000000,,gps_back
122.688633131517,60.021621350503,0.000000000000,,gps_back
122.614272016469,60.514237411512,0.000000000000,,gps_back
122.548638512518,61.008643075194,0.000000000000,,gps_back
122.470417492459,61.500499021892,0.000000000000,,gps_back
122.385571395423,61.993094202443,0.000000000000,,gps_back
122.308015742692,62.485169783984,0.000000000000,,gps_back
122.223731172129,62.977175854447,0.000000000000,,gps_back
122.148215402796,63.471731529916,0.000000000000,,gps_back
122.073194579708,63.963036392712,0.000000000000,,gps_back
121.989789908170,64.456288241484,0.000000000000,,gps_back
121.911096704515,64.947938002915,0.000000000000,,gps_back
121.817044498934,65.436401761237,0.000000000000,,gps_back
121.734610426554,65.929699354523,0.000000000000,,gps_back
121.650877222805,66.421781434695,0.000000000000,,gps_back
121.563052898696,66.916714696726,0.000000000000,,gps_back
121.483306632254,67.407466093526,0.000000000000,,gps_back
121.404018792027,67.899377332902,0.000000000000,,gps_back
121.326340687771,68.393433290796,0.000000000000,,gps_back
121.229836121747,68.883208989652,0.000000000000,,gps_back
121.138085205753,69.374882571427,0.000000000000,,gps_back
121.054185499623,69.866737375017,0.000000000000,,gps_back
120.969224042854,70.360279983723,0.000000000000,,gps_back
120.891381071522,70.856412865978,0.000000000000,,gps_back
120.810052704220,71.350806241342,0.000000000000,,gps_back
120.719684389633,71.846273692149,0.000000000000,,gps_back
120.643498345528,72.341083448301,0.000000000000,,gps_back
120.567213861997,72.837040001365,0.000000000000,,gps_back
120.504213699795,73.334843670801,0.000000000000,,gps_back
120.430989405917,73.832543278761,0.000000000000,,gps_back
120.361826864985,74.327955877217,0.000000000000,,gps_back
120.284657108666,74.819861209540,0.000000000000,,gps_back
120.228437032489,75.315792180396,0.000000000000,,gps_back
120.155704652529,75.807505066423,0.000000000000,,gps_back
120.082044222264,76.299717427169,0.000000000000,,gps_back
120.006169305650,76.788311948793,0.000000000000,,gps_back
119.921536333702,77.277111533516,0.000000000000,,gps_back
119.831937774927,77.769644357624,0.000000000000,,gps_back
119.743762036784,78.262194911062,0.000000000000,,gps_back
119.647610298019,78.751760372283,0.000000000000,,gps_back
119.577071086145,79.248183268879,0.000000000000,,gps_back
119.502405632219,79.743671207368,0.000000000000,,gps_back
119.411774729650,80.236711543416,0.000000000000,,gps_back
119.332260013447,80.729597581724,0.000000000000,,gps_back
119.251908771926,81.220518800014,0.000000000000,,gps_back
119.165526274478,81.716376680832,0.000000000000,,gps_back
119.092031127915,82.209795363560,0.000000000000,,gps_back
119.003275562714,82.703779838594,0.000000000000,,gps_back
118.932353430699,83.201209433966,0.000000000000,,gps_back
118.847508465366,83.693898255593,0.000000000000,,gps_back
118.777948758266,84.189953373188,0.000000000000,,gps_back
118.708749135599,84.683721192748,0.000000000000,,gps_back
118.635683418629,85.181103036490,0.000000000000,,gps_back
118.554656768422,85.677090327935,0.000000000000,,gps_back
118.478561711783,86.169038445401,0.000000000000,,gps_back
118.412330236645,86.662820531801,0.000000000000,,gps_back
118.360418784644,87.158697244861,0.000000000000,,gps_back
118.279946498740,87.649462420885,0.000000000000,,gps_back
118.200473208499,88.137224232670,0.000000000000,,gps_back
118.115731680778,88.626401674829,0.000000000000,,gps_back
118.026241280296,89.117577534257,0.000000000000,,gps_back
117.927197288280,89.610854280067,0.000000000000,,gps_back
117.855435045359,90.105994523323,0.000000000000,,gps_back
117.771428682846,90.601043815654,0.000000000000,,gps_back
117.710100055441,91.101024184893,0.000000000000,,gps_back
117.629808380366,91.591936023345,0.000000000000,,gps_back
117.556449475092,92.085871613936,0.000000000000,,gps_back
117.480755316358,92.575304028722,0.000000000000,,gps_back
117.396607764570,93.067302512731,0.000000000000,,gps_back
117.311379847965,93.556653189754,0.000000000000,,gps_back
117.225169703338,94.048176916644,0.000000000000,,gps_back
117.141216822838,94.542771695269,0.000000000000,,gps_back
117.052090714474,95.033660966631,0.000000000000,,gps_back
116.972681629599,95.524310402213,0.000000000000,,gps_back
116.899976952908,96.021295195263,0.000000000000,,gps_back
116.808914411477,96.517540876898,0.000000000000,,gps_back
116.705747383171,97.011778907808,0.000000000000,,gps_back
116.636727871090,97.506551793910,0.000000000000,,gps_back
116.575654450123,98.006104646103,0.000000000000,,gps_back
116.525508621249,98.508929349167,0.000000000000,,gps_back
116.450724913299,99.005289106061,0.000000000000,,gps_back
116.381590700712,99.498772226928,0.000000000000,,gps_back
116.313261018786,99.990661590316,0.000000000000,,gps_back
116.256867912428,100.487929127055,0.000000000000,,gps_back
116.187846329438,100.980910320249,0.000000000000,,gps_back
116.120199555906,101.475232519774,0.000000000000,,gps_back
116.052867604089,101.966514155849,0.000000000000,,gps_back
115.972234263979,102.457415840503,0.000000000000,,gps_back
115.898856453262,102.951522746588,0.000000000000,,gps_back
115.819629367354,103.444645793981,0.000000000000,,gps_back
115.737328258728,103.937349074262,0.000000000000,,gps_back
115.668644925960,104.428830652817,0.000000000000,,gps_back
115.599162597576,104.920981078429,0.000000000000,,gps_back
115.517219680839,105.410876498631,0.000000000000,,gps_back
115.424182457132,105.896196341932,0.000000000000,,gps_back
115.329957165076,106.389609993838,0.000000000000,,gps_back
115.230251713387,106.883023981672,0.000000000000,,gps_back
115.127218343010,107.374926327415,0.000000000000,,gps_back
115.072246360140,107.873021587674,0.000000000000,,gps_back
115.009759104168,108.373784146777,0.000000000000,,gps_back
114.931394243549,108.870106833888,0.000000000000,,gps_back
114.846310399435,109.358590879551,0.000000000000,,gps_back
114.776598548311,109.849345806685,0.000000000000,,gps_back
114.690337388613,110.342542740814,0.000000000000,,gps_back
114.611306065543,110.839888187277,0.000000000000,,gps_back
114.525320997289,111.331031158548,0.000000000000,,gps_back
114.451749067486,111.828096541178,0.000000000000,,gps_back
114.387201892205,112.325012109449,0.000000000000,,gps_back
114.309033907011,112.820738092979,0.000000000000,,gps_back
114.237623406032,113.315479110733,0.000000000000,,gps_back
114.166828027605,113.807857052816,0.000000000000,,gps_back
114.093923176157,114.303245665418,0.000000000000,,gps_back
114.022486288252,114.799731833498,0.000000000000,,gps_back
113.945323999579,115.295325181902,0.000000000000,,gps_back
113.873265128554,115.790159233665,0.000000000000,,gps_back
113.811850220367,116.286527617832,0.000000000000,,gps_back
113.750256240245,116.783818305552,0.000000000000,,gps_back
113.680030022957,117.278430667502,0.000000000000,,gps_back
113.611133886478,117.769862027985,0.000000000000,,gps_back
113.542312799985,118.259990117601,0.000000000000,,gps_back
113.467646848503,118.754910634526,0.000000000000,,gps_back
113.384081895533,119.246901337043,0.000000000000,,gps_back
113.292950926929,119.736410988057,0.000000000000,,gps_back
113.226006287991,120.234419394493,0.000000000000,,gps_back
113.151390765996,120.730850052076,0.000000000000,,gps_back
113.070361616307,121.224657044208,0.000000000000,,gps_back
113.012447539615,121.720838495106,0.000000000000,,gps_back
112.941639001231,122.217894361383,0.000000000000,,gps_back
112.853054494291,122.712616613357,0.000000000000,,gps_back
112.785136753718,123.204234781209,0.000000000000,,gps_back
112.723710882376,123.698727816305,0.000000000000,,gps_back
112.659107874308,124.194491837603,0.000000000000,,gps_back
112.582705097391,124.684898804455,0.000000000000,,gps_back
112.503873675764,125.174896528209,0.000000000000,,gps_back
112.416881081907,125.663038582482,0.000000000000,,gps_back
112.327726251033,126.153321112020,0.000000000000,,gps_back
112.245226706143,126.645265855065,0.000000000000,,gps_back
112.156673958806,127.138712934914,0.000000000000,,gps_back
112.070602197618,127.633350767671,0.000000000000,,gps_back
111.985114979282,128.126266482383,0.000000000000,,gps_back
111.905789763296,128.620559463905,0.000000000000,,gps_back
111.828931630876,129.115024233576,0.000000000000,,gps_back
111.749993168674,129.612058153435,0.000000000000,,gps_back
111.736308365974,129.692434413738,0.000000000000,,gps_back
111.664799134241,130.111712417563,0.000000000000,,gps_back
111.597339144409,130.609090930749,0.000000000000,,gps_back
111.531393325022,131.104502018536,0.000000000000,,gps_back
111.476497297234,131.603802595948,0.000000000000,,gps_back
111.409090275376,132.097793900811,0.000000000000,,gps_back
111.339142590051,132.590068342946,0.000000000000,,gps_back
111.273251683926,133.080294072740,0.000000000000,,gps_back
111.199533591544,133.570259479265,0.000000000000,,gps_back
111.119510893737,134.056191803845,0.000000000000,,gps_back
111.037091139049,134.534123581331,0.000000000000,,gps_back
110.951028398222,134.996925505528,0.000000000000,,gps_back
110.848034278651,135.448999058384,0.000000000000,,gps_back
110.711298081171,135.882064000714,0.000000000000,,gps_back
110.494768489508,136.272870439943,0.000000000000,,gps_back
110.250098993686,136.631925597419,0.000000000000,,gps_back
109.975908297876,136.961786660902,0.000000000000,,gps_back
109.663325058065,137.258622732380,0.000000000000,,gps_back
109.306472355723,137.490480145848,0.000000000000,,gps_back
108.917077703187,137.654509202963,0.000000000000,,gps_back
108.510873583078,137.755344736401,0.000000000000,,gps_back
108.078193140706,137.794332496531,0.000000000000,,gps_back
107.618276069478,137.769913754471,0.000000000000,,gps_back
107.163230641481,137.669283809300,0.000000000000,,gps_back
106.699111230613,137.570455651882,0.000000000000,,gps_back
106.210039058848,137.537187081414,0.000000000000,,gps_back
105.713441180005,137.456934697457,0.000000000000,,gps_back
105.217928657890,137.356272092103,0.000000000000,,gps_back
104.930589337740,137.312558274752,0.000000000000,,gps_back
104.732089581982,137.283087710568,0.000000000000,,gps_back
104.234415401791,137.209919986717,0.000000000000,,gps_back
103.742217052449,137.129822920161,0.000000000000,,gps_back
103.247589317864,137.053888120870,0.000000000000,,gps_back
102.756494840117,136.970883257971,0.000000000000,,gps_back
102.266160615893,136.889272730869,0.000000000000,,gps_back
101.771767210574,136.816743291268,0.000000000000,,gps_back
101.273216506022,136.731646715452,0.000000000000,,gps_back
100.782689982117,136.634086045508,0.000000000000,,gps_back
100.291412365208,136.557648677647,0.000000000000,,gps_back
99.791122520369,136.508186048376,0.000000000000,,gps_back
99.293084184111,136.427893215706,0.000000000000,,gps_back
98.799919310755,136.340613185759,0.000000000000,,gps_back
98.307885344954,136.277094266043,0.000000000000,,gps_back
97.814306579662,136.207470483465,0.000000000000,,gps_back
97.318931733546,136.135447709950,0.000000000000,,gps_back
96.826191561615,136.064996736842,0.000000000000,,gps_back
96.334187166622,135.977666822217,0.000000000000,,gps_back
95.843878776575,135.895591416310,0.000000000000,,gps_back
95.349263346916,135.820101858175,0.000000000000,,gps_back
94.851772284523,135.748259319023,0.000000000000,,gps_back
94.359976944122,135.660804921608,0.000000000000,,gps_back
93.864749879739,135.593953318476,0.000000000000,,gps_back
93.373126408116,135.524734490823,0.000000000000,,gps_back
92.878973382811,135.439505093672,0.000000000000,,gps_back
92.388270997737,135.364757484936,0.000000000000,,gps_back
91.898842820513,135.274246119612,0.000000000000,,gps_back
91.403526608204,135.196617591003,0.000000000000,,gps_back
90.910483873383,135.110698368924,0.000000000000,,gps_back
90.414618127962,135.028876530089,0.000000000000,,gps_back
89.921680315054,134.954382875660,0.000000000000,,gps_back
89.426940540681,134.883457163794,0.000000000000,,gps_back
89.225000882566,134.855226910233,0.000000000000,,gps_back
88.940995166858,134.804479042981,0.000000000000,,gps_back
88.463274055688,134.721325082194,0.000000000000,,gps_back
87.989191839484,134.627843136938,0.000000000000,,gps_back
87.515945209368,134.536906765048,0.000000000000,,gps_back
87.057854047481,134.401491734635,0.000000000000,,gps_back
86.611341121421,134.232868560597,0.000000000000,,gps_back
86.179375739318,134.041907651333,0.000000000000,,gps_back
85.751130180895,133.843754216295,0.000000000000,,gps_back
85.326599353544,133.631812862010,0.000000000000,,gps_back
84.913409713034,133.392907197340,0.000000000000,,gps_back
84.529430528479,133.116830769998,0.000000000000,,gps_back
84.157451438681,132.825528114946,0.000000000000,,gps_back
83.789637802268,132.526777816318,0.000000000000,,gps_back
83.444857161877,132.201701067168,0.000000000000,,gps_back
83.114363668980,131.865714165588,0.000000000000,,gps_back
82.798507909682,131.517384547952,0.000000000000,,gps_back
82.517118916069,131.135927252601,0.000000000000,,gps_back
82.262835701160,130.731824796494,0.000000000000,,gps_back
82.023842165710,130.324754813796,0.000000000000,,gps_back
81.789430189521,129.908036288530,0.000000000000,,gps_back
81.553409528911,129.486790868344,0.000000000000,,gps_back
81.366640084802,129.042470552132,0.000000000000,,gps_back
81.189403828248,128.590472031054,0.000000000000,,gps_back
81.019048043729,128.135532323421,0.000000000000,,gps_back
80.864546619627,127.665794522683,0.000000000000,,gps_back
80.699550040894,127.197080380426,0.000000000000,,gps_back
80.532640288805,126.725077579240,0.000000000000,,gps_back
80.367722783869,126.248366069166,0.000000000000,,gps_back
80.201429517685,125.775138551562,0.000000000000,,gps_back
80.019704188054,125.301948117093,0.000000000000,,gps_back
79.833770717237,124.824748587562,0.000000000000,,gps_back
79.653183541651,124.343869371452,0.000000000000,,gps_back
79.441127769422,123.877899305269,0.000000000000,,gps_back
79.203391317516,123.421558612921,0.000000000000,,gps_back
78.953052067687,122.968279146719,0.000000000000,,gps_back
78.700480564089,122.518350095016,0.000000000000,,gps_back
78.432465183147,122.077858206272,0.000000000000,,gps_back
78.152214952329,121.647387482610,0.000000000000,,gps_back
77.852928449599,121.228576663356,0.000000000000,,gps_back
77.535260410507,120.825811690370,0.000000000000,,gps_back
77.216976366843,120.423960944259,0.000000000000,,gps_back
76.893739122942,120.032007435408,0.000000000000,,gps_back
76.566560711153,119.645543235359,0.000000000000,,gps_back
76.228632462109,119.267019527971,0.000000000000,,gps_back
75.893897857249,118.884184962467,0.000000000000,,gps_back
75.547902031615,118.509736015751,0.000000000000,,gps_back
75.197514254060,118.140915341729,0.000000000000,,gps_back
74.833896468618,117.784255529548,0.000000000000,,gps_back
74.461024223507,117.438203391804,0.000000000000,,gps_back
74.082591500369,117.095483655480,0.000000000000,,gps_back
73.704140312616,116.752857506981,0.000000000000,,gps_back
73.321434627972,116.417635170615,0.000000000000,,gps_back
72.926986934808,116.095732519369,0.000000000000,,gps_back
72.520654093547,115.786974491117,0.000000000000,,gps_back
72.111238040258,115.481575295960,0.000000000000,,gps_back
71.696362717549,115.184623559774,0.000000000000,,gps_back
71.280463638129,114.893609139249,0.000000000000,,gps_back
70.857833202849,114.610978961238,0.000000000000,,gps_back
70.425377127408,114.341045074269,0.000000000000,,gps_back
69.992332155798,114.072694961833,0.000000000000,,gps_back
69.554592589650,113.811191053537,0.000000000000,,gps_back
69.106603285956,113.567426129831,0.000000000000,,gps_back
68.656312015659,113.325291050444,0.000000000000,,gps_back
68.200805699664,113.093997192270,0.000000000000,,gps_back
67.738085723963,112.878831841403,0.000000000000,,gps_back
67.272008622935,112.671697184633,0.000000000000,,gps_back
66.802147882572,112.470738947846,0.000000000000,,gps_back
66.325685148945,112.284216788952,0.000000000000,,gps_back
65.847943935784,112.100733657182,0.000000000000,,gps_back
65.364900809623,111.931944235561,0.000000000000,,gps_back
64.874707084081,111.783243968558,0.000000000000,,gps_back
64.381876436111,111.643488766117,0.000000000000,,gps_back
63.884130822376,111.510655905461,0.000000000000,,gps_back
63.383885198071,111.395754153163,0.000000000000,,gps_back
62.884028051310,111.285375546647,0.000000000000,,gps_back
62.375322735576,111.207158579628,0.000000000000,,gps_back
61.866988590921,111.138673971683,0.000000000000,,gps_back
61.357831350517,111.071453240317,0.000000000000,,gps_back
60.848532286058,111.029776480357,0.000000000000,,gps_back
60.339925724932,110.994315319488,0.000000000000,,gps_back
59.828360953542,110.967901346992,0.000000000000,,gps_back
59.317784120689,110.958476869527,0.000000000000,,gps_back
58.805288367759,110.953203873415,0.000000000000,,gps_back
58.292267636669,110.962804409247,0.000000000000,,gps_back
57.780640728090,110.986692784407,0.000000000000,,gps_back
57.267655924589,111.028707601869,0.000000000000,,gps_back
56.755111227750,111.084854574476,0.000000000000,,gps_back
56.243428369246,111.152598807064,0.000000000000,,gps_back
55.735404285805,111.237790892204,0.000000000000,,gps_back
55.228948026798,111.345196419020,0.000000000000,,gps_back
54.720668094047,111.472001418287,0.000000000000,,gps_back
54.216411284710,111.610332574670,0.000000000000,,gps_back
53.720126942281,111.777340473834,0.000000000000,,gps_back
53.242543374491,111.989913065332,0.000000000000,,gps_back
52.772070493244,112.213734091255,0.000000000000,,gps_back
52.321298797856,112.458616967814,0.000000000000,,gps_back
51.884537695257,112.709656973378,0.000000000000,,gps_back
51.457835010893,112.958722787232,0.000000000000,,gps_back
51.023983172208,113.184779499323,0.000000000000,,gps_back
50.587453222302,113.405605435629,0.000000000000,,gps_back
50.129475213856,113.588841851305,0.000000000000,,gps_back
49.664556203119,113.769361582461,0.000000000000,,gps_back
49.198837828114,113.963609699309,0.000000000000,,gps_back
48.734403063880,114.187638686845,0.000000000000,,gps_back
48.272620626512,114.424290252994,0.000000000000,,gps_back
47.826674570011,114.684758935760,0.000000000000,,gps_back
47.394641799222,114.963828412884,0.000000000000,,gps_back
46.969889428949,115.256742447300,0.000000000000,,gps_back
46.545551106443,115.546042407220,0.000000000000,,gps_back
46.129809622368,115.846279222893,0.000000000000,,gps_back
45.730102353307,116.159798047628,0.000000000000,,gps_back
45.335252732499,116.487748944176,0.000000000000,,gps_back
44.955592980091,116.828284362500,0.000000000000,,gps_back
44.568992301894,117.157587860940,0.000000000000,,gps_back
44.200742274052,117.508722649632,0.000000000000,,gps_back
43.828537779987,117.853549166058,0.000000000000,,gps_back
43.458490054556,118.206703392037,0.000000000000,,gps_back
43.101893399437,118.575125926859,0.000000000000,,gps_back
42.751841673752,118.952396460465,0.000000000000,,gps_back
42.410494419018,119.340862948891,0.000000000000,,gps_back
42.097513056363,119.749786647191,0.000000000000,,gps_back
41.787294414939,120.162060967071,0.000000000000,,gps_back
41.497535652084,120.586933729973,0.000000000000,,gps_back
41.218256421755,121.006479507792,0.000000000000,,gps_back
40.957504209098,121.427184601730,0.000000000000,,gps_back
40.700647699117,121.849090070424,0.000000000000,,gps_back
40.423833263141,122.251757008576,0.000000000000,,gps_back
40.109601935580,122.621064316167,0.000000000000,,gps_back
39.810824905181,122.999727678138,0.000000000000,,gps_back
39.496448108033,123.358133490505,0.000000000000,,gps_back
39.178830044364,123.719917110832,0.000000000000,,gps_back
38.855147340261,124.068004190153,0.000000000000,,gps_back
38.492125005309,124.372498250755,0.000000000000,,gps_back
38.119143426202,124.653007509400,0.000000000000,,gps_back
37.736581212332,124.920934657799,0.000000000000,,gps_back
37.335977004816,125.164499404640,0.000000000000,,gps_back
36.913524700225,125.368362927165,0.000000000000,,gps_back
36.487288862726,125.562396399589,0.000000000000,,gps_back
36.037038547343,125.718451104017,0.000000000000,,gps_back
35.582432360309,125.849234345425,0.000000000000,,gps_back
35.126815735715,125.956352331200,0.000000000000,,gps_back
34.665786921032,126.086180470967,0.000000000000,,gps_back
34.194171109656,126.146561713478,0.000000000000,,gps_back
33.722995246836,126.164826741961,0.000000000000,,gps_back
33.256842299304,126.206658889744,0.000000000000,,gps_back
32.776093751786,126.203657039833,0.000000000000,,gps_back
32.299389665012,126.151433935390,0.000000000000,,gps_back
31.824860186751,126.101390458945,0.000000000000,,gps_back
31.337958522976,126.052719252008,0.000000000000,,gps_back
30.851863417501,125.957617515164,0.000000000000,,gps_back
30.364420856649,125.868566912667,0.000000000000,,gps_back
29.873574670947,125.802460348345,0.000000000000,,gps_back
29.374679758367,125.724758484758,0.000000000000,,gps_back
29.167941256775,125.692361149210,0.000000000000,,gps_back
28.880985374295,125.651996291806,0.000000000000,,gps_back
28.389995133782,125.582403115235,0.000000000000,,gps_back
27.897734977182,125.507803652105,0.000000000000,,gps_back
27.405362266756,125.422871850434,0.000000000000,,gps_back
26.915154119333,125.326865561141,0.000000000000,,gps_back
26.419305407367,125.237176144065,0.000000000000,,gps_back
25.917666678135,125.160577508419,0.000000000000,,gps_back
25.419197685441,125.087004869137,0.000000000000,,gps_back
24.917662758442,125.036392960136,0.000000000000,,gps_back
24.418198541665,124.997085259606,0.000000000000,,gps_back
23.921526567808,124.925554296890,0.000000000000,,gps_back
23.429990211199,124.865535551336,0.000000000000,,gps_back
22.940737118279,124.798630579349,0.000000000000,,gps_back
22.446755279582,124.738317275782,0.000000000000,,gps_back
21.956974078285,124.660199650265,0.000000000000,,gps_back
21.464683927502,124.585270472520,0.000000000000,,gps_back
20.974730482289,124.500858393038,0.000000000000,,gps_back
20.485052636654,124.418772333475,0.000000000000,,gps_back
19.991879332331,124.341561440800,0.000000000000,,gps_back
19.495927762659,124.264939967753,0.000000000000,,gps_back
19.006467721854,124.167528943850,0.000000000000,,gps_back
18.513645701679,124.089277906037,0.000000000000,,gps_back
18.019158066177,124.016933501039,0.000000000000,,gps_back
17.523604728589,123.931241873083,0.000000000000,,gps_back
17.030931934943,123.850155234459,0.000000000000,,gps_back
16.538766561934,123.772734232183,0.000000000000,,gps_back
16.343979472476,123.742361780033,0.000000000000,,gps_back
16.076070311370,123.699171988469,0.000000000000,,gps_back
15.615279980789,123.628425398391,0.000000000000,,gps_back
15.167514667183,123.500881360911,0.000000000000,,gps_back
14.732352658936,123.334439401637,0.000000000000,,gps_back
14.340474520717,123.123187919501,0.000000000000,,gps_back
13.970925968928,122.861015991477,0.000000000000,,gps_back
13.609057437650,122.590436071447,0.000000000000,,gps_back
13.298441762824,122.260500484236,0.000000000000,,gps_back
12.992313426913,121.922776153866,0.000000000000,,gps_back
12.725703921322,121.557720495492,0.000000000000,,gps_back
12.499613890789,121.159301675412,0.000000000000,,gps_back
12.313018394542,120.750171438123,0.000000000000,,gps_back
12.153020993012,120.322538433509,0.000000000000,,gps_back
12.035258071889,119.878480285938,0.000000000000,,gps_back
11.977371112326,119.425177540123,0.000000000000,,gps_back
11.924943137165,118.969236292167,0.000000000000,,gps_back
11.908829431300,118.498684554108,0.000000000000,,gps_back
11.949866783453,118.025448797365,0.000000000000,,gps_back
12.013688382835,117.556525253041,0.000000000000,,gps_back
12.054782095992,117.073230896223,0.000000000000,,gps_back
12.135983468032,116.585120659140,0.000000000000,,gps_back
12.236525506677,116.096837299243,0.000000000000,,gps_back
12.268250010001,115.884495509909,0.000000000000,,gps_back
12.302374956580,115.614354025109,0.000000000000,,gps_back
12.374546609441,115.118383441204,0.000000000000,,gps_back
12.468434935488,114.630418596190,0.000000000000,,gps_back
12.561917670772,114.144134396591,0.000000000000,,gps_back
12.655623218959,113.652687799710,0.000000000000,,gps_back
12.748257836653,113.158822952971,0.000000000000,,gps_back
12.850530014504,112.666478904196,0.000000000000,,gps_back
12.920327167111,112.166935929406,0.000000000000,,gps_back
13.000161227528,111.667755799293,0.000000000000,,gps_back
13.076891693787,111.168027330242,0.000000000000,,gps_back
13.139956578819,110.673196418057,0.000000000000,,gps_back
13.198099060225,110.176951518799,0.000000000000,,gps_back
13.264893158741,109.684867177237,0.000000000000,,gps_back
13.338934400298,109.196528692557,0.000000000000,,gps_back
13.417877553866,108.709530450258,0.000000000000,,gps_back
13.511193845841,108.225321842975,0.000000000000,,gps_back
13.607913668194,107.740860356911,0.000000000000,,gps_back
13.702883072268,107.252800145658,0.000000000000,,gps_back
13.810608166872,106.761618179974,0.000000000000,,gps_back
13.920731630347,106.268767910772,0.000000000000,,gps_back
14.016560627999,105.777360467783,0.000000000000,,gps_back
14.094551301815,105.281584700531,0.000000000000,,gps_back
14.163915057157,104.779381941272,0.000000000000,,gps_back
14.254648247680,104.283123794386,0.000000000000,,gps_back
14.350848136353,103.791957314160,0.000000000000,,gps_back
14.417662761342,103.297622879239,0.000000000000,,gps_back
14.486382540272,102.799771291750,0.000000000000,,gps_back
14.560839185996,102.301344672608,0.000000000000,,gps_back
14.634735718541,101.808296659855,0.000000000000,,gps_back
14.707988183719,101.316327372380,0.000000000000,,gps_back
14.778035994244,100.823803215851,0.000000000000,,gps_back
14.851347603700,100.332756256206,0.000000000000,,gps_back
14.932556844410,99.843902145868,0.000000000000,,gps_back
15.019549766111,99.354777902611,0.000000000000,,gps_back
15.114420917779,98.863698179914,0.000000000000,,gps_back
15.213656229669,98.371725276181,0.000000000000,,gps_back
15.302513371571,97.878411895817,0.000000000000,,gps_back
15.374215337436,97.383029272195,0.000000000000,,gps_back
15.443137499347,96.885069431088,0.000000000000,,gps_back
15.521760289162,96.391957674127,0.000000000000,,gps_back
15.612745650979,95.902550753877,0.000000000000,,gps_back
15.694250526251,95.411983959036,0.000000000000,,gps_back
15.784235816828,94.920651535378,0.000000000000,,gps_back
15.868310142056,94.425742002132,0.000000000000,,gps_back
15.951337686941,93.931063274989,0.000000000000,,gps_back
16.032310121713,93.436034702391,0.000000000000,,gps_back
16.111673996069,92.943242542771,0.000000000000,,gps_back
16.183953944248,92.449650635093,0.000000000000,,gps_back
16.264207354106,91.958073959434,0.000000000000,,gps_back
16.350155954239,91.466331159732,0.000000000000,,gps_back
16.438434554562,90.976063011700,0.000000000000,,gps_back
16.529813183233,90.486441423842,0.000000000000,,gps_back
16.611936055828,89.995693452234,0.000000000000,,gps_back
16.694166053265,89.504286667342,0.000000000000,,gps_back
16.784610608331,89.016025047156,0.000000000000,,gps_back
16.882209617354,88.523737677100,0.000000000000,,gps_back
16.981974497282,88.029085830722,0.000000000000,,gps_back
17.093250047585,87.536003838551,0.000000000000,,gps_back
17.164475382122,87.035070838059,0.000000000000,,gps_back
17.219454502652,86.532105879288,0.000000000000,,gps_back
17.278112512253,86.026510599460,0.000000000000,,gps_back
17.336219648262,85.528776186798,0.000000000000,,gps_back
17.398524980574,85.036006774706,0.000000000000,,gps_back
17.454267363558,84.542205164770,0.000000000000,,gps_back
17.516557546338,84.050158726435,0.000000000000,,gps_back
17.588803815456,83.558653232417,0.000000000000,,gps_back
17.662826520233,83.067139732873,0.000000000000,,gps_back
17.743510792682,82.575056970574,0.000000000000,,gps_back
17.822587906476,82.084160969270,0.000000000000,,gps_back
17.894558370923,81.591737386468,0.000000000000,,gps_back
17.964980695877,81.099275393873,0.000000000000,,gps_back
18.053957059808,80.608096925556,0.000000000000,,gps_back
18.140934098819,80.118123978910,0.000000000000,,gps_back
18.235386231325,79.630051207833,0.000000000000,,gps_back
18.318737834088,79.137815181234,0.000000000000,,gps_back
18.403487014347,78.649727727061,0.000000000000,,gps_back
18.489561068651,78.158245328691,0.000000000000,,gps_back
18.580228570985,77.670760503375,0.000000000000,,gps_back
18.693227164007,77.187531761132,0.000000000000,,gps_back
18.793514725713,76.696336809314,0.000000000000,,gps_back
18.900698960387,76.207374011512,0.000000000000,,gps_back
19.008969248325,75.714820945005,0.000000000000,,gps_back
19.086423439479,75.219467419991,0.000000000000,,gps_back
19.174660370732,74.721154603153,0.000000000000,,gps_back
19.263321790431,74.220909199212,0.000000000000,,gps_back
19.352122427767,73.731026184083,0.000000000000,,gps_back
19.422759083422,73.235081985854,0.000000000000,,gps_back
19.480940263671,72.736129226467,0.000000000000,,gps_back
19.569515178383,72.242850094489,0.000000000000,,gps_back
19.649115404764,71.752486401086,0.000000000000,,gps_back
19.720834879624,71.261971441599,0.000000000000,,gps_back
19.802261394149,70.767206219831,0.000000000000,,gps_back
19.891655942795,70.276056698678,0.000000000000,,gps_back
19.973406789315,69.785512635530,0.000000000000,,gps_back
20.053524830381,69.291235925625,0.000000000000,,gps_back
20.137332479538,68.797106881871,0.000000000000,,gps_back
20.225575666744,68.304693672385,0.000000000000,,gps_back
20.299698367190,67.810026226855,0.000000000000,,gps_back
20.382041197102,67.317239113899,0.000000000000,,gps_back
20.462985314936,66.821805561051,0.000000000000,,gps_back
20.541161407468,66.327695731268,0.000000000000,,gps_back
20.627425338097,65.832248095150,0.000000000000,,gps_back
20.701555811099,65.336716814759,0.000000000000,,gps_back
20.772469258227,64.843163377878,0.000000000000,,gps_back
20.834539452766,64.345267650579,0.000000000000,,gps_back
20.905378652209,63.851388895297,0.000000000000,,gps_back
20.990037149072,63.360878286892,0.000000000000,,gps_back
21.063225303778,62.870200333440,0.000000000000,,gps_back
21.141632389437,62.379967827311,0.000000000000,,gps_back
21.225760077067,61.887382467905,0.000000000000,,gps_back
21.308658255186,61.397182273566,0.000000000000,,gps_back
21.395353061970,60.905302237049,0.000000000000,,gps_back
21.479354011500,60.414893937349,0.000000000000,,gps_back
21.568527679942,59.923840010329,0.000000000000,,gps_back
21.648458153730,59.429029912303,0.000000000000,,gps_back
21.746055709518,58.939456844039,0.000000000000,,gps_back
21.834354630891,58.444588946747,0.000000000000,,gps_back
21.913904134168,57.950694810459,0.000000000000,,gps_back
22.002101963539,57.455943751268,0.000000000000,,gps_back
22.074576224419,56.960824358141,0.000000000000,,gps_back
22.152525176148,56.468248748281,0.000000000000,,gps_back
22.190898978494,56.237288577524,0.000000000000,,gps_back
22.237413339553,55.978811913420,0.000000000000,,gps_back
22.322200185444,55.491917206878,0.000000000000,,gps_back
22.404164938728,55.012456634760,0.000000000000,,gps_back
22.487466414569,54.546697444134,0.000000000000,,gps_back
22.582387356792,54.091600718546,0.000000000000,,gps_back
22.724530584719,53.653960007501,0.000000000000,,gps_back
22.949980195907,53.260462775918,0.000000000000,,gps_back
23.202168453244,52.885588022293,0.000000000000,,gps_back
23.466798425091,52.513380173320,0.000000000000,,gps_back
23.781289201615,52.165831868661,0.000000000000,,gps_back
24.112463458084,51.836402949362,0.000000000000,,gps_back
24.458084963350,51.526068912635,0.000000000000,,gps_back
24.815507174478,51.231460930182,0.000000000000,,gps_back
25.193779313696,50.976854650520,0.000000000000,,gps_back
25.586323706748,50.747371043679,0.000000000000,,gps_back
25.999736016019,50.574105332293,0.000000000000,,gps_back
26.436949862674,50.459827397344,0.000000000000,,gps_back
26.884524269606,50.370967010398,0.000000000000,,gps_back
27.348581947558,50.335881364861,0.000000000000,,gps_back
27.821255787616,50.327351735563,0.000000000000,,gps_back
28.288610526763,50.325551661658,0.000000000000,,gps_back
28.762250008334,50.333113493801,0.000000000000,,gps_back
29.242171095790,50.363121505073,0.000000000000,,gps_back
29.722832517763,50.457699091639,0.000000000000,,gps_back
30.194804658118,50.568648331974,0.000000000000,,gps_back
30.649844414673,50.661996789814,0.000000000000,,gps_back
30.469729586839,50.625855491493,0.000000000000,,gps_back
29.993839160305,50.542066820288,0.000000000000,,gps_back
29.953596681337,50.534994813790,0.000000000000,,gps_back
