x,y
132.127587394184,29.675593423539
132.089575516575,29.973229107352
132.049228953918,30.270557293914
132.004567219202,30.567267984483
131.959954728261,30.863986083187
131.915370907646,31.160708398614
131.863576836770,31.456257511545
131.811150075761,31.751695049944
131.758958834833,32.047174285787
131.706814013565,32.342661717094
131.654715974635,32.638157262815
131.608906797544,32.934692939449
131.565790301051,33.231631950210
131.528845614166,33.529401986419
131.491713546062,33.827148714221
131.454440557857,34.124877770971
131.413679633048,34.422149434911
131.371229688836,34.719184539682
131.324909238006,35.015640782214
131.280698768724,35.312419034706
131.237891000729,35.609402862623
131.196226436108,35.906549238017
131.154412306491,36.203674600844
131.111965879598,36.500710288026
131.068403883301,36.797584426883
131.024106964054,37.094349782722
130.978345144754,37.390892798252
130.932351011900,37.687399869860
130.886003747222,37.983851946959
130.839144174089,38.280223477622
130.791942699524,38.576540736975
130.743667015902,38.872684895808
130.695426870144,39.168834844752
130.647473126183,39.465031303329
130.599869488943,39.761284232116
130.552497983143,40.057574360925
130.505911974780,40.353989003373
130.458256118256,40.650233434345
130.407782752322,40.946010758405
130.361247692556,41.242433333326
130.317216024271,41.539238179348
130.273145228088,41.836037216853
130.229372418073,42.132880341313
130.186345454794,42.429832405108
130.140753091164,42.726401480915
130.093479505890,43.022706940570
130.041691909778,43.318257188439
129.990102178254,43.613842006705
129.939921687090,43.909669350463
129.888991127283,44.205368488113
129.837564679186,44.500981784975
129.786750539818,44.796700899215
129.737773263395,45.092729420948
129.693571653343,45.389508803217
129.646004600682,45.685767516135
129.596274010174,45.981670142283
129.552551171497,46.278520548952
129.506583746259,46.575030973844
129.454381155678,46.870507415252
129.408468399564,47.167026802720
129.366344144962,47.464108357068
129.323841785811,47.761136043506
129.280551193213,48.058049816007
129.235458825956,48.354695308295
129.188723092709,48.651086374666
129.141049338008,48.947328017058
129.092673519527,49.243455818077
129.045183516373,49.539726889829
128.999690463844,49.836311235717
128.953251727720,50.132748993565
128.906347907098,50.429113069908
128.863794854780,50.726133424519
128.823168631830,51.023423171076
128.786334826789,51.321206369252
128.744689306924,51.618355244805
128.700500656445,51.915136709355
128.657697997838,52.212121282674
128.614823435608,52.509095483076
128.571710106442,52.806034976376
128.526315002064,53.102634305552
128.479550843054,53.399020060487
128.427297426688,53.694488307386
128.375051751546,53.989957919301
128.323217140592,54.285499728448
128.274004325606,54.581489534489
128.226246349386,54.877717582667
128.177344633669,55.173758994313
128.129191586659,55.469923031274
128.082671408387,55.766347683406
128.032785038860,56.062224671702
127.981151657851,56.357801201076
127.934185591380,56.654155785857
127.885472963594,56.950227922295
127.833108385989,57.245675008050
127.787530622431,57.542245952074
127.745547840993,57.839347341106
127.705990981798,58.136781621725
127.667093845267,58.434302859496
127.629376530782,58.731975828220
127.589286705336,59.029338713023
127.548080161866,59.326548936689
127.506292638820,59.623677871262
127.466814400601,59.921121986348
127.431419923559,60.219079380369
127.391011469100,60.516398966152
127.348158137907,60.813376068925
127.303159724492,61.110035719150
127.255954417164,61.406351666915
127.204469639176,61.701954644979
127.155118090273,61.997921369813
127.106385153384,62.293973983572
127.037306543398,62.585965539199
126.974944710192,62.879459313560
126.925844392043,63.175467756160
126.875090924267,63.471197318098
126.823589301828,63.766797261091
126.774635064447,64.062830007740
126.725688697489,64.358864055789
126.676833492859,64.654912748613
126.631124742361,64.951463848923
126.587035253963,65.248259526867
126.546577769592,65.545572512110
126.504217062492,65.842619937512
126.458442972393,66.139161045912
126.412108305675,66.435615093251
126.365694705710,66.732056035179
126.323392090960,67.029112241332
126.281474348691,67.326222986262
126.240146684836,67.623415871404
126.195368353093,67.920108878098
126.149094430497,68.216572309730
126.104243809189,68.513254182345
126.056641378900,68.809506219755
126.004254700059,69.104950811467
125.950780479547,69.400200553300
125.897206291433,69.695430366162
125.849711076716,69.991700669294
125.803005519845,70.288096425466
125.757724771174,70.584712613355
125.716138217103,70.881869847843
125.675394576231,71.179137436745
125.623375646518,71.474647016226
125.572286363054,71.770318657471
125.522760686474,72.066256192390
125.474938892785,72.362473961078
125.427750131357,72.658793166942
125.379402592368,72.954924310691
125.336260922576,73.251856078088
125.301370530628,73.549872645496
125.261743171106,73.847297277058
125.219605859431,74.144373857226
125.169896623743,74.440280757061
125.119870584716,74.736134253621
125.069369479343,75.031906993322
125.019814443318,75.327839757389
124.970414050930,75.623797946514
124.918435027846,75.919312915801
124.872150425422,76.215770469097
124.834415888988,76.513440794962
124.793273561957,76.810659812795
124.750659398697,77.107671309211
124.706269514200,77.404422787570
124.661587228165,77.701130372566
124.616411442403,77.997763078595
124.569616268293,78.294144760625
124.522173425665,78.590423480367
124.474495013186,78.886664301162
124.425579616923,79.182703244902
124.374811428232,79.478430182563
124.325483525735,79.774400870167
124.276824705742,80.070482238030
124.229326165011,80.366751990957
124.182719760771,80.663163335274
124.137621731495,80.959805846738
124.098467587242,81.257293195151
124.061031859219,81.555000478327
124.018749406966,81.852058831116
123.972904325828,82.148587242999
123.922044815011,82.444297566035
123.875222836375,82.740674921001
123.829636868636,83.037244534195
123.781385510104,83.333392577059
123.734296510226,83.629727546188
123.688807873706,83.926312032096
123.640419092638,84.222437709566
123.591748227701,84.518513347567
123.550503188584,84.815718041024
123.507420321021,85.112661611028
123.461645258765,85.409202517986
123.414877812107,85.705588579018
123.367429478693,86.001865850045
123.317150477509,86.297676454987
123.267451147584,86.593584975804
123.218741502798,86.889656870152
123.174199837280,87.186385410471
123.131445193140,87.483376329901
123.091349428856,87.780737307827
123.047010642817,88.077494060030
122.996833684395,88.373321283207
122.943501043989,88.668596629745
122.890229943701,88.963878133180
122.845191255211,89.260531603140
122.802043649972,89.557465788121
122.761322005893,89.854742561273
122.718584910996,90.151736500621
122.674683985493,90.448559735844
122.627188571446,90.744830034816
122.579661949941,91.041095329140
122.532118093675,91.337357836861
122.485131765773,91.633709264445
122.439052517353,91.930201035280
122.398180525162,92.227457454086
122.357697617557,92.524767102847
122.317508951050,92.822115145194
122.272804264445,93.118819160291
122.226396998291,93.415261588815
122.178048100105,93.711393265788
122.126953951149,94.007063259944
122.072598722773,94.302151584307
122.020772187999,94.597694883878
121.970376332613,94.893484104470
121.924266574754,95.189973196881
121.877611893525,95.486377014397
121.830066159590,95.782637526275
121.777938937126,96.078128026706
121.725420157199,96.373546707446
121.678295341950,96.669875966710
121.629481463243,96.965931568169
121.578899332121,97.261689324806
121.532128409968,97.558074673832
121.487003153434,97.854714264214
121.445474982085,98.151877794783
121.408996046602,98.449702769575
121.377581591701,98.748103052907
121.339357723576,99.045711417932
121.299772450446,99.343141863635
121.260936136534,99.640670451727
121.219220980969,99.937808936374
121.173492197634,100.234322452269
121.108025180822,100.527146363103
121.042039949103,100.819818585698
120.995577955977,101.116252685251
120.949619404808,101.412765249368
120.903913907065,101.709314456682
120.852997852481,102.005016087147
120.802061712137,102.300711421744
120.756518719040,102.597287664783
120.708633986097,102.893494779028
120.658713005381,103.189363376045
120.614253905855,103.486103680240
120.573237023637,103.783332407377
120.541032318245,104.081650344424
120.504008774893,104.379408617314
120.462380581290,104.676559988803
120.419644320807,104.973553929859
120.375166781464,105.270289101216
120.325000754829,105.566118882465
120.275366145088,105.862038289548
120.226584781892,106.158095741551
120.184084042356,106.455123597696
120.142335753814,106.752257809463
120.098402529715,107.049076638765
120.051862185115,107.345497859647
120.003031186117,107.641550091026
119.957160054846,107.938076198993
119.911668816078,108.234660770340
119.865144086318,108.531084090811
119.815370082806,108.826979153677
119.762707582740,109.122374043501
119.712814335085,109.418249452647
119.665661713805,109.714567650873
119.626487552404,110.012051777578
119.584340516863,110.309129362139
119.539284203889,110.605778801668
119.490308428641,110.901807971788
119.441056213033,111.197791065512
119.393248740500,111.494011168420
119.345333548921,111.790213866374
119.297840222885,112.086476985260
119.258746207571,112.383972466251
119.219061789748,112.681384129660
119.172164362435,112.977749603459
119.126122264548,113.274249167878
119.080863815159,113.570869419708
119.035789150731,113.867517602146
118.989739992639,114.164014572287
118.939612667185,114.459848413766
118.884417261800,114.754778852655
118.825289544834,115.048936131359
118.776900336961,115.345060249176
118.732688538190,115.641831791939
118.695767737076,115.939601252822
118.652868917733,116.236568981601
118.604748697033,116.532738226260
118.555290424379,116.828687147102
118.506569046896,117.124757322494
118.460859050306,117.421308168180
118.416409976944,117.718050671386
118.372961718064,118.014941469607
118.329180971858,118.311783430451
118.285261113983,118.608604833270
118.240877353976,118.905356360944
118.193595936167,119.201660227953
118.144074500758,119.497598187100
118.096460365607,119.793849427088
118.048586416555,120.090058435892
117.999063175139,120.385996316243
117.950946051274,120.682166120751
117.904081222368,120.978536572802
117.858638210463,121.275128598414
117.812729115326,121.571648350675
117.764689487069,121.867830685650
117.715261893660,122.163784619789
117.665158157752,122.459620623671
117.621105291823,122.756422232995
117.577935995094,123.053353728110
117.534812824289,123.350291198915
117.489094552231,123.646840434115
117.441480815884,123.943091401239
117.395644939571,124.239622639666
117.351844866739,124.536458374867
117.313006038315,124.833985492421
117.270129655948,125.130958201768
117.224290754575,125.427488529146
117.180918804309,125.724390465293
117.136812273263,126.021182912877
117.089532235126,126.317487649298
117.042542644642,126.613838588023
116.995668682746,126.910207541179
116.947306368369,127.206337494566
116.899950785846,127.502628541142
116.856099080609,127.799459911566
116.811228856889,128.096139064796
116.765573231505,128.392698448546
116.719870345426,128.689250313484
116.672448104324,128.985529360650
116.620256775499,129.281008580486
116.568129966181,129.576499189497
116.516636979771,129.872093071837
116.472792349296,130.168925502687
116.427801619651,130.465584934622
116.379538710248,130.761730631160
116.333245030015,131.058191012675
116.285963331060,131.354493979411
116.235514879235,131.650274869089
116.187657080084,131.946486832895
116.140150222935,132.242755271858
116.093400936590,132.539141908354
116.050974262294,132.836179727413
116.010322889923,133.133460781894
115.963023004370,133.429761557700
115.913412281848,133.725684714975
115.865248306525,134.021847054615
115.817603956887,134.318091682434
115.773538791308,134.614891556868
115.729396613555,134.911679666330
115.683673354699,135.208228567364
115.637182807362,135.504658025234
115.589566415203,135.800908886382
115.542411162785,136.097233312277
115.496040128112,136.393677802533
115.443640648239,136.689107195451
115.382128663373,136.982783999199
115.325373301862,137.277419504748
115.264573587265,137.571212659772
115.187299203685,137.861122959330
115.098074196041,138.147602690149
115.006687415023,138.433385010829
114.903827311243,138.715182133827
114.779041175341,138.988020627238
114.637877699779,139.252552685374
114.463305346930,139.496582741580
114.280368233803,139.734281825258
114.075521107654,139.953475063024
113.857453045005,140.159442882786
113.622390309542,140.345902552049
113.381388053136,140.524621812409
113.146633513088,140.711496107773
112.913103072652,140.899892883779
112.682175301371,141.091462230680
112.445163489694,141.275339699105
112.194104305704,141.439575053740
111.933412809667,141.588090151272
111.666180390797,141.724492846463
111.393363364882,141.849353681461
111.115602554029,141.962804438195
110.834023740955,142.066455339966
110.550899298937,142.165811542043
110.266432771620,142.261163878559
109.977600882495,142.342402984323
109.686352640044,142.414554638265
109.394219237600,142.482817903741
109.098446877887,142.533274979854
108.801478207920,142.576107911963
108.503327367248,142.609688862825
108.204116424047,142.630301285246
107.904179989423,142.622186984213
107.604495546079,142.607345859422
107.305019385692,142.588874675448
107.006067834243,142.563215165030
106.707519078706,142.533253279347
106.409587534066,142.497657948153
106.112139984248,142.458203327050
105.814508242383,142.420161011164
105.516947696060,142.381690146551
105.220872376556,142.333036553317
104.925980491895,142.277647095838
104.632039127971,142.217395702989
104.337840298692,142.158413901977
104.043379135069,142.100767190460
103.748256926614,142.046594307928
103.453332161393,141.991358646627
103.158704920838,141.934555779722
102.863884359534,141.878764251045
102.569221860796,141.822146127192
102.274933153166,141.763618690963
101.981133713565,141.702678372827
101.687423090310,141.641322611943
101.392819035371,141.584466698551
101.096546529453,141.537110898950
100.798846800369,141.499637309547
100.501775663618,141.457439833917
100.204573548465,141.416212283669
99.906621499872,141.380802319229
99.608091549450,141.350627688003
99.309402260491,141.322390494104
99.012220582166,141.280978495068
98.715043553169,141.239533460800
98.417827085130,141.198376468874
98.120881376596,141.155305753713
97.824056881362,141.111407325732
97.527344555396,141.066757084533
97.230751077187,141.021324134460
96.934320023922,140.974852241839
96.638359192160,140.925466302393
96.342605074896,140.874859656913
96.047186038713,140.822330079523
95.751977794052,140.768627647310
95.456840830455,140.714539261588
95.161271291153,140.662869746567
94.865176615803,140.614311918444
94.568452164119,140.569743751670
94.271929726085,140.523849301797
93.975534054782,140.477145447265
93.679375354682,140.428959058502
93.383202426118,140.380860199402
93.086996030927,140.332969629580
92.790591321241,140.286320554917
92.494117205329,140.240114946413
92.197534614081,140.194611037357
91.900835581827,140.149871965932
91.604168053669,140.104938777167
91.308036200337,140.056589012364
91.012103716507,140.007034585729
90.716380348439,139.956246746105
90.420458394863,139.906627841059
90.124753551094,139.855753282620
89.829738197715,139.801023390511
89.533849058533,139.751222656670
89.237513015895,139.704178855008
88.942133851307,139.651426372985
88.646999839945,139.597317054095
88.351722261990,139.544039405526
88.055256104659,139.497879033536
87.757510305946,139.460764838270
87.459303395561,139.427530550977
87.161049447227,139.394851634342
86.861919508224,139.371474035761
86.562259652228,139.358196655643
86.262327744708,139.366625494557
85.962307617633,139.370611412487
85.662268849320,139.369912140833
85.362307993282,139.377354175219
85.062332473096,139.383762930777
84.762310972459,139.382059483417
84.462564000701,139.368548155578
84.162967768370,139.351995988721
83.863376947231,139.335387377008
83.563667006585,139.321254978837
83.264389570097,139.299723529076
82.965327417782,139.275386971904
82.665996649667,139.254581527331
82.366593153750,139.234847777923
82.067131138741,139.216067756137
81.767545670501,139.199700139833
81.468584757029,139.174219719421
81.169104054297,139.155845736006
80.869262908020,139.144699066924
80.569274132444,139.138499342128
80.269258554894,139.133799462002
79.969218940843,139.131700635830
79.669199174084,139.135699567378
79.369289628370,139.144927343161
79.069324746664,139.151990402386
78.769544193037,139.164627879868
78.470061586542,139.183087046142
78.170727066972,139.203605541717
77.870899738146,139.215216938256
77.570976449544,139.223384372075
77.270945975581,139.221228101590
76.971141056488,139.209543857181
76.672311426373,139.184486833154
76.377337399159,139.129731630161
76.085119122788,139.061613040770
75.793519770938,138.990973077894
75.504530156420,138.910292367219
75.217209537450,138.823917304434
74.926713263032,138.748792258777
74.635861704782,138.675093474516
74.343474181541,138.607703339661
74.050955952812,138.540927978044
73.756802799890,138.481799820073
73.461084652175,138.430979821390
73.165277823009,138.380683803741
72.869388983411,138.331001370383
72.575152836539,138.272228316110
72.280382002806,138.216324525519
71.987920132887,138.149264582349
71.695931262629,138.080180688927
71.402930658892,138.015558769284
71.108240454336,137.959249086935
70.811701066728,137.913522712203
70.516427506898,137.860308234921
70.222787359042,137.798700391431
69.927525323299,137.745332540906
69.633395098506,137.686033699053
69.340305264106,137.621779896955
69.047756686229,137.555147414790
68.753642179023,137.495748467984
68.459312064072,137.437434345061
68.165266211491,137.377827771358
67.869279034697,137.328598765933
67.573379855460,137.278857844127
67.278180668780,137.225155414574
66.984129507029,137.165440940388
66.689998474309,137.106133430228
66.395410379361,137.049164620449
66.101764397273,136.987514050074
65.807055404508,136.931170815255
65.511554890232,136.879144327228
65.217091579192,136.821497244787
64.922349480064,136.765702460470
64.624931201749,136.726154243509
64.328921305843,136.677163713363
64.034558072272,136.619069703993
63.741593321736,136.554235670720
63.447984094483,136.492737846612
63.151276823181,136.448053402044
62.854581526480,136.403290131565
62.557847278970,136.358850419301
62.260200330670,136.320938647505
61.962114462384,136.286818499192
61.663193951120,136.260876834433
61.364935481243,136.228169201503
61.067435195634,136.189222047885
60.771040050330,136.142518294887
60.475094187306,136.093084954219
60.180065905820,136.038402082712
59.885030680700,135.983757619420
59.589834258454,135.929990111873
59.294562289016,135.876638813291
58.999340596245,135.823010163018
58.704158491651,135.769165769615
58.408730218782,135.716689775573
58.112859261320,135.666872992154
57.815648877329,135.625683216113
57.518009088124,135.587714167739
57.220097970528,135.551925698178
56.922270888854,135.515444564494
56.624505245923,135.478465826429
56.326635029110,135.442338045527
56.028701829105,135.406735235424
55.730735573457,135.371448831255
55.433407806643,135.331144917841
55.136725736007,135.286298659963
54.839829947581,135.242889818589
54.543481325581,135.196084584459
54.248875629046,135.139192277443
53.953419886690,135.086887538447
53.657194091488,135.039195489465
53.359917111412,134.998474038773
53.062563811190,134.958313300932
52.765199372980,134.918260471986
52.467351454371,134.881951615609
52.169454576376,134.846080524418
51.871949259524,134.807133218627
51.573631961014,134.774989756004
51.274706171011,134.749018860511
50.975607911260,134.725102525394
50.676638051584,134.699668875803
50.377979786611,134.670770874146
50.079333213111,134.641794845860
49.781198272171,134.607995591090
49.483740836170,134.568613232897
49.186358571057,134.528675847159
48.889315119274,134.486295107863
48.592496067572,134.442418004818
48.294876881266,134.404279774385
47.997070888923,134.367639727347
47.698858794438,134.334566379011
47.399878705840,134.309359409740
47.100364950794,134.291434870714
46.800646700537,134.277268367316
46.500905752494,134.263642737425
46.201431449859,134.245389583667
45.902613098428,134.218199451576
45.603693893056,134.192138057484
45.304800380573,134.165820958103
45.006356688936,134.134914948560
44.708788071609,134.096418184046
44.411598905192,134.055191124323
44.113378847851,134.022076427431
43.814970113586,133.990802221538
43.515930256735,133.966228013864
43.216548551827,133.946171148953
42.917040349580,133.928261395582
42.617376534918,133.914012279979
42.318526377185,133.887248989189
42.019387556430,133.864076320849
41.720821008515,133.834472654826
41.421638886484,133.812006984107
41.123742707912,133.776750581861
40.828252283566,133.724639366982
40.533950134891,133.666588596930
40.243993332819,133.589676689087
39.958747877602,133.496638583759
39.676532767647,133.394782979975
39.397675187107,133.284049847088
39.121809047051,133.166044520827
38.848258910440,133.042758332496
38.574936074499,132.919266611964
38.293007644404,132.816647710407
38.007786724166,132.723476312121
37.722452008520,132.630653887563
37.436640139126,132.539381408007
37.148134539238,132.456962759296
36.858750257837,132.377710877244
36.570995916493,132.292696584849
36.282109655448,132.211624420131
35.992098728278,132.134652742563
35.702727185548,132.055306671623
35.413581117863,131.975143476014
35.124026582228,131.896468163122
34.833826148001,131.820272949623
34.541595397219,131.752251699468
34.248185626936,131.689470163618
33.955433701071,131.623697214448
33.663548347490,131.554171984126
33.372222379835,131.482331370589
33.080936836654,131.410333240857
32.790194817199,131.336164654205
32.499459284588,131.261971045420
32.208602767103,131.188253031232
31.917614445712,131.115098784234
31.624910077959,131.049219216606
31.330553653886,130.991105053120
31.037487803910,130.926740312239
30.743545189628,130.866591258348
30.448062906621,130.814419815314
30.152342781198,130.763613283088
29.856328689945,130.714576160623
29.559733138482,130.669160229947
29.263293971717,130.622739273622
28.966637146411,130.577744936600
28.670662423620,130.528489752866
28.375536097674,130.474338667056
28.080361149718,130.420453119226
27.785183670578,130.366582168721
27.489849578424,130.313578375578
27.194448917705,130.260975710768
26.899831656875,130.204121177436
26.604838945399,130.149798258797
26.306991157103,130.113507486870
26.008721921139,130.080892214257
25.710162286450,130.051167504335
25.412481005782,130.013537621797
25.115323564924,129.972005601511
24.818906978939,129.925436813807
24.522804612858,129.876915619663
24.227117156811,129.825920539413
23.931678298508,129.773502093615
23.636457008064,129.719884507549
23.341641717870,129.664075980769
23.046242136375,129.611460194311
22.749983610395,129.564035626744
22.452424964963,129.525446948622
22.154446278410,129.490242377277
21.856175613676,129.457585026434
21.557871354749,129.425236055534
21.259619394678,129.392450202770
20.961828694291,129.355677707840
20.664296952509,129.316886989638
20.367226885844,129.274684922554
20.070364122829,129.231050328974
19.773806784113,129.185399572771
19.477733503872,129.136693319294
19.181884372349,129.086646313778
18.886258362968,129.035295974192
18.590363827159,128.985519386499
18.294292178347,128.936823504804
17.998798531661,128.884715043487
17.703291284132,128.832719496011
17.407085373683,128.784826320500
17.111091787041,128.735640306703
16.815442856231,128.684435132059
16.520338470572,128.630167480178
16.225603412873,128.573947923811
15.931585911438,128.514069704082
15.637921835662,128.452499720137
15.344645227060,128.389203147808
15.049525171643,128.335059512107
14.753637922284,128.285238392397
14.458075648883,128.233525632191
14.162945956616,128.179413189809
13.869096345051,128.119090617026
13.578930380482,128.042773454859
13.291035589345,127.958258940887
13.005700866255,127.865694796371
12.726226920900,127.756606531628
12.452337880326,127.634262523828
12.185526911816,127.497016750458
11.921521676544,127.354422567254
11.659186302993,127.208918456432
11.404674076462,127.050037390190
11.155385624653,126.883098860059
10.912103778874,126.707486568807
10.673940075462,126.525100211961
10.445879525445,126.330140897464
10.223636822228,126.128575832458
10.006445638387,125.921549579140
9.790889403007,125.712865715013
9.583827940190,125.495784379319
9.387265972533,125.269112517915
9.197419748780,125.036756011085
9.010940936704,124.801743492549
8.834257951254,124.559239590784
8.662619343290,124.313128542599
8.494354354788,124.064716785513
8.332132032584,123.812297850939
8.172595091787,123.558196635481
8.022980781805,123.298243729020
7.890402593043,123.029081952085
7.764851886469,122.756598150465
7.650716666473,122.479153824776
7.550056219715,122.196552303838
7.462837645617,121.909471631207
7.383164062680,121.620202932537
7.310295703906,121.329142835836
7.243953575261,121.036531996186
7.185289238428,120.742282629584
7.133362009513,120.446764079462
7.087996482018,120.150199394587
7.054260791536,119.852066480240
7.029417948801,119.553075333768
7.015815176505,119.253362040352
7.013261206309,118.953346788601
7.020342623707,118.653386945741
7.035697295193,118.353802202540
7.066389261176,118.055334625780
7.105037574802,117.757825409686
7.154585226468,117.461891758094
7.206409638439,117.166361596997
7.264137962333,116.871914094413
7.320209310246,116.577174027182
7.368064771405,116.280961712682
7.415917229255,115.984749660393
7.463449365210,115.688494226777
7.515892060313,115.393059712476
7.567523673840,115.097499422305
7.613756152990,114.801039702359
7.665615892465,114.505504390538
7.719635799438,114.210354368623
7.772576374063,113.915008582960
7.824845637505,113.619543291055
7.876030987257,113.323889808899
7.925110261685,113.027877811076
7.973968263692,112.731829258785
8.022837657738,112.435784119369
8.069301326152,112.139351443784
8.114726636375,111.842760059973
8.163142329252,111.546638835527
8.212067034625,111.250601246716
8.261463679037,110.954642185279
8.311629653795,110.658812435796
8.362422807634,110.363090040903
8.414233609317,110.067543880602
8.466355409684,109.772052440999
8.518751580512,109.476609530050
8.570650078341,109.181078869141
8.621309216613,108.885336408272
8.668260989764,108.588985028033
8.710702222497,108.291953489808
8.750815255412,107.994603113263
8.796066562315,107.697982551408
8.843222081067,107.401659936113
8.891700968201,107.105554392954
8.936074731053,106.808802171853
8.978126246826,106.511710976814
9.019130494539,106.214473133932
9.061428139891,105.917417052551
9.105178306541,105.620570586237
9.149322852986,105.323783100388
9.196212074388,105.027433529016
9.248980964896,104.732059126166
9.298959620264,104.436199356443
9.347471948077,104.140096260897
9.398699008241,103.844449113193
9.451959419021,103.549164062709
9.507722479590,103.254338703532
9.562057669121,102.959246414563
9.615143760373,102.663928594729
9.666068913982,102.368228522947
9.716921558242,102.072515974104
9.768015021743,101.776845656621
9.820291805329,101.481381642683
9.871055833740,101.185661394228
9.917455327205,100.889217656282
9.963086106341,100.592654570787
10.007904290456,100.295967999034
10.051774355584,99.999139422633
10.096791233547,99.702483898524
10.143725247485,99.406124159100
10.190871192892,99.109798057920
10.238513139642,98.813552104833
10.287716726783,98.517560925557
10.337887423687,98.221732326583
10.388538415425,97.925986932970
10.436998527688,97.629873093643
10.484586133141,97.333617859937
10.531502790577,97.037255465190
10.579014694287,96.740987878936
10.626967689888,96.444791309826
10.675201901175,96.148640484510
10.724147443080,95.852606742671
10.774271303080,95.556769985984
10.825140792453,95.261060368993
10.876218370587,94.965386635080
10.927056601591,94.669671665487
10.978385820923,94.374041565410
11.030078156637,94.078474734997
11.081148261911,93.782799836848
11.131017329667,93.486922060218
11.178453120114,93.190642419571
11.225059650113,92.894231114589
11.271359115410,92.597771919608
11.318652690310,92.301469395953
11.366496062578,92.005255295065
11.414760152926,91.709109726430
11.461919437550,91.412785762817
11.509579520753,91.116545634355
11.559805416019,90.820726768309
11.608283817732,90.524616921413
11.655910142312,90.228371883313
11.706839968884,89.932672911601
11.758742601505,89.637143011964
11.811860397630,89.341831400105
11.867762942993,89.047033124022
11.924342767719,88.752370146329
11.977113475053,88.456994229430
12.031386489477,88.161892586797
12.086508234319,87.866959513616
12.135581453044,87.570948696442
12.182548494876,87.274594278149
12.230174216586,86.978345120920
12.278718696947,86.682245212649
12.327954243561,86.386259245552
12.376432490141,86.090148548117
12.423229249068,85.793771084470
12.467523199850,85.497006766704
12.513975881040,85.200571917669
12.561777463661,84.904350902244
12.610191357444,84.608229978746
12.660429369034,84.312414839270
12.712601756191,84.016933250993
12.763116961579,83.721163123358
12.812454787286,83.425195297635
12.860929544830,83.129087674845
12.913242792439,82.833635082689
12.968722461610,82.538755745342
13.023358107581,82.243719229688
13.076067406183,81.948336952876
13.124850928025,81.652278702123
13.170796526820,81.355765273179
13.215498406948,81.059061440040
13.261243450623,80.762516374601
13.305366823985,80.465727018207
13.347295876645,80.168618042422
13.388520268241,79.871410298018
13.429634019625,79.574187259119
13.471371538716,79.277051688907
13.514534053580,78.980119834950
13.559335701329,78.683431641311
13.605953893195,78.387022081169
13.652852388143,78.090656705995
13.700049491103,77.794339282470
13.748508784297,77.498225324595
13.797813351226,77.202250915207
13.847872581583,76.906403105108
13.898557166580,76.610661950191
13.950429855681,76.315128003619
14.004166737650,76.019926106829
14.058458187549,75.724825545093
14.112545141998,75.429687548412
14.166001861063,75.134434751496
14.218810390495,74.839065359167
14.270737451357,74.543540274197
14.320541067995,74.247654582006
14.366328230784,73.951118204107
14.409327820866,73.654162995702
14.452414847575,73.357233397815
14.500945804925,73.061130968822
14.549603616503,72.765049365008
14.598421034204,72.468994027188
14.647387514412,72.172963351962
14.697184494917,71.877072895853
14.748563649789,71.581451936711
14.798568187878,71.285595311401
14.847598005527,70.989575101473
14.896310866959,70.693504504509
14.941404069830,70.396874886928
14.981950483863,70.099582953157
15.027549954686,69.803017842532
15.075935751015,69.506892302864
15.125301490222,69.210928099843
15.173745916965,68.914811974844
15.221209933758,68.618536645284
15.268758090422,68.322274814510
15.316592253107,68.026059169325
15.365187879932,67.729967603542
15.414667085152,67.434022289958
15.464751904823,67.138178750972
15.514994683372,66.842362005677
15.564843518017,66.546478682847
15.615087248085,66.250666433288
15.668651729244,65.955433746715
15.723853510771,65.660503366685
15.780276385281,65.365803748361
15.835136650256,65.070808809931
15.888596887683,64.775558015889
15.940069501871,64.479953150803
15.990251887381,64.184127036187
16.038798394458,63.888027604702
16.086466447110,63.591785071955
16.135008729266,63.295686642717
16.185511996569,62.999914315933
16.235497944788,62.704054071578
16.284818023829,62.408082899015
16.332825921075,62.111895211840
16.380795481466,61.815701313739
16.428879859625,61.519526176228
16.477458669817,61.223431601714
16.525599928524,60.927266061171
16.572458180580,60.630894793012
16.618205445504,60.334349642198
16.665188858993,60.038015277781
16.718652526945,59.742765466686
16.774775662164,59.448011179756
16.832559840413,59.153579851471
16.887090107944,58.858523336786
16.941507735897,58.563446027017
17.002282204154,58.269849948029
17.081619381406,57.980525432406
17.147035598275,57.687801340476
17.196107275659,57.391806145718
17.239204046687,57.094864110939
17.282384182904,56.797934289899
17.324123296865,56.500819161853
17.360685167506,56.203010655183
17.403214413177,55.906005553123
17.452432640949,55.610018894029
17.501123335706,55.313983359000
17.552287991803,55.019096331125
17.637652124016,54.731541628872
17.700923628701,54.438679355722
17.728673521786,54.140183409433
17.755567942104,53.843957890820
17.847365696596,53.558413610664
17.922689165139,53.267998772826
17.986672548339,52.974942450488
18.018283478285,52.678482498960
18.011427186964,52.380650969958
18.066482639596,52.085692715285
18.117548844456,51.790060100307
18.156317979653,51.492589719288
18.186015978804,51.194027052176
18.222908256355,50.896264902105
18.270681347223,50.600218160494
18.353711858851,50.313660850278
18.479389973466,50.041650107519
18.579395647576,49.758760414378
18.675817159189,49.474622270331
18.770684834190,49.189963438785
18.861750848324,48.904083448433
18.951087565258,48.617715560370
19.056255748845,48.336850361070
19.176934942771,48.062141095561
19.308007974782,47.792615928592
19.461371210046,47.534722106707
19.612193364198,47.275487345070
19.753548068704,47.010905840466
19.906752876866,46.752937948109
20.065592506551,46.498378193424
20.225910419498,46.244744490269
20.389057433063,45.992991919314
20.562159742166,45.747930367146
20.740298511262,45.506480440712
20.919394105317,45.265738606324
21.100747456231,45.026728731226
21.289634890979,44.793634422649
21.486098526034,44.566878720289
21.689154794529,44.346003362300
21.896732386144,44.129338996657
22.104495731220,43.912853297263
22.314035787517,43.698104067568
22.528347389717,43.488129526604
22.748321859671,43.284096555920
22.973750706887,43.086100835855
23.205293045164,42.895370084501
23.444796941758,42.714657932468
23.688946946010,42.540266396643
23.936990438831,42.371447246903
24.188546838094,42.207928992236
24.445357411070,42.052893523172
24.708442960430,41.908632991218
24.974581292162,41.770108908857
25.244364285685,41.638819313121
25.517696352381,41.515118063052
25.794584540074,41.399543832389
26.074367822622,41.291274291673
26.358354273397,41.194548236139
26.646363131837,41.110785266839
26.938649960735,41.043192576173
27.233421355583,40.987336840406
27.530187026974,40.943743006803
27.828946853967,40.916630462253
28.128651331182,40.904621724572
28.428623733509,40.908981243366
28.728088263673,40.926419521771
29.026256584818,40.959300221771
29.322562466592,41.006280952532
29.618190831415,41.057098967827
29.915760328122,41.095607915906
30.213482635570,41.132920057193
30.510878232307,41.172744890116
30.808007891286,41.214527882027
31.105526489717,41.253190039571
31.404047057309,41.283397318184
31.702609678009,41.312918905309
32.000146311389,41.351577207542
32.263208289315,41.451143156419
32.387245260867,41.716602683266
32.294554095600,41.828191985702
32.014668678479,41.720237338860
31.834162229856,41.531474820767
31.930835835395,41.259518131956
32.195631623911,41.188906417423
32.493245331056,41.221800385523
32.789827726096,41.267263762487
33.085880161291,41.316087903336
33.381624280692,41.366753395258
33.676864407773,41.420270486096
33.970606042395,41.481421588497
34.264837969067,41.540222788856
34.559503712891,41.596822796895
34.854470263784,41.651835147925
35.149548960954,41.706245090351
35.444625708475,41.760665828310
35.739912112811,41.813935264688
36.035637212256,41.864706623025
36.331071297197,41.917146803642
36.626343058472,41.970498787076
36.922917663876,42.015947106364
37.220491728651,42.054371058553
37.518694202375,42.087603033353
37.815688931324,42.130158573563
38.112416435231,42.174708025347
38.409058553454,42.219822565360
38.705859064791,42.263881250261
39.002150886701,42.311223147157
39.297610936009,42.363494522275
39.593400350387,42.413888514289
39.889437562468,42.462813885309
40.185949819125,42.508761585897
40.482506087056,42.554437415111
40.779032392463,42.600307341507
41.075358239964,42.647452463917
41.371614363938,42.695036112993
41.667954215116,42.742095117139
41.964225565179,42.789583564055
42.260387258892,42.837750992495
42.556380716641,42.886940903598
42.852226923807,42.937009297019
43.147444042793,42.990646716014
43.442433635509,43.045537152978
43.737236869563,43.101419541534
44.033036797818,43.151713312532
44.329278618548,43.199381002139
44.625938343949,43.244370489080
44.922248004644,43.291609284644
45.218028116977,43.342055798222
45.514450185370,43.388565025386
45.810994508815,43.434318341165
46.106743686964,43.484923429108
46.402413986479,43.536021107481
46.698125494964,43.586879751974
46.994279597995,43.635084042862
47.290586261643,43.682351570422
47.586875169129,43.729730705843
47.883271843449,43.776430214899
48.179802423669,43.822271646469
48.476355677088,43.867967074114
48.772874940981,43.913882467222
49.069182432607,43.961142690619
49.365292218237,44.009627168570
49.661194807730,44.059360338751
49.956953094072,44.109945622118
50.252658686760,44.160838652755
50.548306340110,44.212067123200
50.843921859392,44.263480801410
51.139507243491,44.315067445285
51.435133724590,44.366417993153
51.730607382879,44.418639690285
52.025081340733,44.476199611246
52.320097102807,44.530933815291
52.615844924977,44.581562742627
52.911982864096,44.629871742751
53.208257987012,44.677336535636
53.504724736410,44.723587946102
53.801216549020,44.769680347843
54.097709340013,44.815766455648
54.393760047444,44.864601266703
54.689834671669,44.913301226770
54.986670009693,44.957090098234
55.283309154547,45.002218589005
55.579607618605,45.049532650601
55.875485688609,45.099405946844
56.171309942479,45.149604704036
56.467442411176,45.197947167477
56.763364046398,45.247565453790
57.059000505578,45.298855745628
57.354668329757,45.349967615691
57.650175824875,45.401997392363
57.944743596434,45.459080048922
58.240068760529,45.512107831592
58.536292423323,45.559862718259
58.831902054517,45.611286371628
59.127448420303,45.663096082123
59.423772705116,45.710222710156
59.720069960644,45.757548753719
60.017334795791,45.798286838963
60.313635458381,45.845516731938
60.609537275659,45.895253022169
60.905723731396,45.943263404650
61.202419632232,45.988009910807
61.499222843067,46.032052451156
61.795560019453,46.079115747141
62.091822709950,46.126658587422
62.388276972225,46.172989779681
62.684262181308,46.222218256736
62.981914533247,46.259852840256
63.281659635256,46.269711164651
63.580110353310,46.241244765589
63.873303699362,46.178338427129
64.167989012161,46.121949984984
64.458187333417,46.046035983347
64.742152474978,45.949326073268
65.024732128530,45.848429619430
65.304279321116,45.739447410519
65.573240041139,45.606708163104
65.841231531302,45.471754688814
66.115484871414,45.350129338169
66.389366241840,45.227572801090
66.661165424385,45.100471934735
66.929256417769,44.965742439311
67.190785985808,44.818721000685
67.449687482369,44.667062668349
67.703411101188,44.506918242942
67.952983081262,44.340362101839
68.194187750743,44.161948575809
68.434165714123,43.981830715657
68.670027047845,43.796367874854
68.901879580102,43.605913656012
69.129488371994,43.410408498676
69.355845947740,43.213446630985
69.566650904421,43.000048845983
69.773993140907,42.783160778432
69.973617114924,42.559172006235
70.172082205407,42.334130923823
70.367327215341,42.106294587114
70.558576901210,41.875095457281
70.745510070307,41.640393118991
70.925989080566,41.400699374888
71.083839834904,41.145668328571
71.233826372402,40.885799860644
71.381323785867,40.624503257555
71.525485518527,40.361353177925
71.650869222605,40.088833621187
71.758306983389,39.808729977529
71.838748672858,39.519786191893
71.888498698871,39.224021885887
71.919671415884,38.925633776131
71.934044239218,38.625962760423
71.959017454449,38.326974178938
72.009558183045,38.031304781191
72.069345494054,37.737276411429
72.119665118133,37.441489479629
72.168638649973,37.145459949943
72.211531661714,36.848494278881
72.245118516080,36.550338901944
72.284812860949,36.252930477492
72.335657700612,35.957234140098
72.382489387341,35.660862128302
72.422540301245,35.363500223392
72.467644789824,35.066861477679
72.525507088876,34.772463945752
72.581311978878,34.477647418300
72.637683355003,34.182937213072
72.729530293332,33.897495244942
72.809374482948,33.608298733645
72.872542255763,33.315006674454
72.921885225683,33.019062026267
72.956285736822,32.721015577692
72.958944842169,32.421103147939
72.986393391023,32.122411265872
73.024831738277,31.824840845613
73.070270328833,31.528253610708
73.116643868137,31.231805665539
73.163386595606,30.935415698277
73.209112963783,30.638867363524
73.254724738955,30.342301232058
73.300605555422,30.045776613952
73.344809531961,29.748997774407
73.387874221364,29.452051220901
73.433930683176,29.155555101899
73.480224814204,28.859094720265
73.526478887429,28.562628086339
73.577169813299,28.266890438696
73.630068367098,27.971537480468
73.684578167827,27.676477462990
73.739992026722,27.381585688354
73.796394033781,27.086881345892
73.844931493517,26.790788401259
73.891090633097,26.494307385043
73.936634962166,26.197730918371
73.983427566084,25.901349022691
74.031233104763,25.605128716518
74.077329626803,25.308637957775
74.124179294794,25.012264962689
74.173037979558,24.716216921816
74.224765127778,24.420657054717
74.277369523431,24.125251152454
74.323735584422,23.828807115294
74.369335891554,23.532239231485
74.414539297521,23.235610598518
74.458873733467,22.938850916570
74.503602364907,22.642150329588
74.551230131153,22.345902319656
74.598399513130,22.049579994599
74.644971047637,21.753163102196
74.691754834310,21.456779605673
74.739958334059,21.160623935345
74.791860740644,20.865095454294
74.845622164836,20.569898192052
74.900390580031,20.274885876853
74.955034215517,19.979850328300
75.009131233083,19.684714095054
75.062304219964,19.389410047937
75.115772197785,19.094159187801
75.169091406054,18.798881413048
75.219843402468,18.503152373025
75.273355805428,18.207910606270
75.330458761194,17.913342571146
75.392145228754,17.619701102524
75.456130392453,17.326550094109
75.524913212892,17.034489745822
75.598384235083,16.743573059045
75.676166979466,16.453779047779
75.734912069527,16.159578422946
75.818245564336,15.871413227618
75.908856512698,15.585372468317
76.003048327071,15.300488204760
76.099292255766,15.016289753148
76.203433236521,14.734896739500
76.327216153681,14.461617744972
76.462336420031,14.193725619312
76.630806258386,13.945620820783
76.803988343427,13.700591795330
76.980161446461,13.457704648927
77.168875538489,13.224459484212
77.377528676850,13.008926026555
77.595397311221,12.802632501379
77.824343946551,12.608726121855
78.065784026698,12.430635393130
78.312592921331,12.260008819204
78.558372479896,12.087892574297
78.798802968942,11.908392302970
79.039918275545,11.729800166415
79.283181052469,11.554145975754
79.530483565141,11.384232229194
79.782685634521,11.221684082176
80.036706863956,11.061982362754
80.292080379732,10.904451589253
80.549145510639,10.749697365007
80.804884377019,10.592760712316
81.061058169947,10.436533835228
81.321399174596,10.287367027516
81.577764837668,10.131467341291
81.833541695360,9.974591345468
82.099716430112,9.836178800210
82.370157895513,9.706219011113
82.643324555407,9.582082255806
82.917825457026,9.460918347613
83.198190109519,9.354077903117
83.480512248275,9.252466365734
83.763655484610,9.153160999460
84.048488098521,9.058816454525
84.339107076468,8.984314519942
84.631312130749,8.916148902391
84.922847041963,8.845164599377
85.214536136674,8.774813041066
85.508041276537,8.712498030427
85.801322684687,8.649111902128
86.092682621456,8.577434552337
86.384285979827,8.506728960842
86.679271645117,8.451937865575
86.975244503732,8.402634418267
87.271015518157,8.352123982314
87.567111903158,8.303558288661
87.865797276319,8.275298856569
88.164644641800,8.248426028245
88.463767334023,8.224825149772
88.763381485217,8.208679683398
89.063394989380,8.204516102276
89.363404057790,8.209321970080
89.663328598982,8.218072909348
89.962826638447,8.236206803308
90.261720398790,8.262505475800
90.560651853473,8.288425821199
90.859563966339,8.314568700897
91.157871984536,8.346856223707
91.455577089336,8.384305794640
91.754028351626,8.415235602985
92.053773075970,8.428317524368
92.352892577217,8.451849881724
92.651586864292,8.480358423541
92.949433079938,8.516648641800
93.247649458271,8.549790149217
93.545782998200,8.583676156455
93.843242633760,8.623025629364
94.140960755418,8.660383470368
94.438513479387,8.699038311710
94.735868048646,8.739188972047
95.032763977419,8.782597174173
95.327878434660,8.836768098690
95.623019475787,8.890838954063
95.919868618520,8.934518495860
96.216367309582,8.980563039851
96.510922044287,9.037697250538
96.806857851469,9.087206368074
97.103013558160,9.135410748198
97.399031169271,9.184456097147
97.694616694515,9.236039458440
97.990720016129,9.284560760296
98.287754683262,9.326997451115
98.585263625429,9.365983592398
98.882900392645,9.403986619223
99.179398968576,9.450007538269
99.475798441278,9.496689999864
99.772116957447,9.543883555004
100.068529974086,9.590479832667
100.364985030647,9.636808026606
100.661505303103,9.682716914032
100.957857674469,9.729697024848
101.254005821004,9.777947637379
101.549533566405,9.829858667446
101.845080973030,9.881662457340
102.141444278115,9.928564373065
102.437305686799,9.978539698965
102.732636565612,10.031560972911
103.028832528330,10.079507371466
103.325149031213,10.126713550097
103.621380987275,10.174447413003
103.916910514108,10.226347076399
104.211882177304,10.281331694018
104.507360027595,10.333527878543
104.803040426129,10.384566749425
105.099083857461,10.433454703443
105.394869479793,10.483879680396
105.690492369661,10.535250717855
105.986021286009,10.587159821281
106.281731196310,10.638027437230
106.577780187970,10.686881955067
106.874204360988,10.733405480505
107.170806820295,10.778779993584
107.467696751078,10.822232882161
107.764631183941,10.865381984985
108.061617487458,10.908172590070
108.357837298447,10.955973140816
108.653704086824,11.005919293883
108.949002859603,11.059118961317
109.244204007036,11.112860757443
109.539310556450,11.167119588049
109.834613839154,11.220296996095
110.130045939520,11.272754249382
110.425852428404,11.323056144081
110.722062892944,11.370921453800
111.018624031937,11.416564097972
111.314865842332,11.464235453957
111.611022738079,11.512432870323
111.907083162809,11.561219335786
112.202926368092,11.611305782616
112.498606632563,11.662345573462
112.793605078189,11.717185263646
113.088921326745,11.770290023758
113.385131019108,11.818153637963
113.681877542294,11.862573089172
113.978906581069,11.905064938450
114.275809678755,11.948428869269
114.572528882643,11.993033536583
114.868894693442,12.039927738619
115.165464320904,12.085516198923
115.462115834630,12.130569244580
115.758539850315,12.177095001015
116.054633014094,12.225681316584
116.350218504197,12.277265079856
116.645701542981,12.329434718622
116.941168148013,12.381697416474
117.236746411525,12.433324770221
117.532526119291,12.483784988400
117.828532912139,12.532895445610
118.124571715251,12.581813037921
118.420710224893,12.630123265609
118.717280417776,12.675706552493
119.013747561791,12.721957208537
119.310107870934,12.768887588292
119.606537978764,12.815375117018
119.903044807193,12.861370762401
120.199765150605,12.905967789535
120.496192947752,12.952469119517
120.792393369863,13.000397900712
121.088863788257,13.046626930585
121.385216621719,13.093604453794
121.681203039297,13.142836827196
121.976590440235,13.195542727670
122.271616126841,13.250238826141
122.565698616442,13.309794292475
122.860418961785,13.366110929850
123.156291414328,13.416015717076
123.451877116132,13.467599856397
123.747342108795,13.519871581477
124.043189769559,13.569931118852
124.338723078985,13.621814558579
124.633757153774,13.676464707063
124.926622841891,13.741727186764
125.217781246149,13.814236706058
125.507934573140,13.890673903462
125.793927105460,13.981425359659
126.076354969240,14.082737259517
126.352980207342,14.198951602964
126.627226518052,14.320690117008
126.897026398259,14.451983572644
127.162116944694,14.592543418522
127.421452905169,14.743455322791
127.680405104347,14.895032555601
127.938614086172,15.047872309314
128.191593237830,15.209216024693
128.441361981811,15.375489723304
128.688986505337,15.544941115068
128.932774905004,15.719865160868
129.176751606325,15.894528467837
129.418692220644,16.072000880115
129.652116467493,16.260526955683
129.881448881942,16.454015906903
130.096572374680,16.663174582533
130.308805561238,16.875280147848
130.502991629054,17.104005534836
130.692298648815,17.336802143970
130.866342281503,17.581211211721
131.037880263646,17.827395130259
131.204623007814,18.076851205196
131.366008377902,18.329806078801
131.524817936422,18.584386754629
131.680658829056,18.840795367785
131.831465743077,19.100196179215
131.965472938906,19.368654344188
132.090049898401,19.641622025297
132.197472563532,19.921780600569
132.290843937296,20.206932394458
132.374665459179,20.495038250199
132.441125242100,20.787633958382
132.497155997573,21.082407645720
132.544162681084,21.378754808818
132.599214357846,21.673713631508
132.659822058124,21.967581597003
132.727081548882,22.259998676077
132.781526968676,22.555068903223
132.830190903457,22.851149146909
132.870636081854,23.148463254065
132.905895379785,23.446437295645
132.936138196924,23.744962227741
132.951442251806,24.044622941723
132.957226091597,24.344619626162
132.956297123707,24.644671030074
132.929444679237,24.943515573700
132.893979830040,25.241464997673
132.847645840791,25.537918497753
132.798791172304,25.833967659975
132.745853692464,26.129314030830
132.683493027633,26.422815009849
132.620287129578,26.716135512519
132.558729769089,27.009806399508
132.507254227385,27.305410839595
132.460080965105,27.601732552690
132.415146664163,27.898402076214
132.366475241590,28.194481424734
132.317936519071,28.490582584551
132.269487371629,28.786698414175
132.220525241800,29.082729855297
132.173206402761,29.379028405463
132.127587394184,29.675593423539
